{
  "ABOUT": "Tentang",
  "ABOUT_CONTRIBUTORS": "Kontributor ke <a href='http://github.com/scout-app/scout-app' class='external-link'>Scout-App</a>:",
  "ABOUT_DEPENDENCIES": "<strong>Scout-App</strong> menggunakan <a class='external-link' href='https://github.com/sass/node-sass'>node-sass</a> <span class='nodeSassVersion'></span> and <a class='external-link' href='https://github.com/paulmillr/chokidar'>chokidar</a> <span class='chokidarVersion'></span>.",
  "ABOUT_DESCRIPTION": "<strong>Scout-App</strong> memungkinkan anda memperoses berkas kode<code>.sass</code> dan <code>.scss</code>mu kedalam CSS tanpa membutuhkan pengetahuan apapun mengenai command line.",
  "ABOUT_SCOUTAPP": "Tentang Scout-App",
  "ABOUT_VISIT_UPDATE": "Kunjungi situs web Scout-App untuk melihat pembaruan:",
  "ADD_A_PROJECT": "Tambahkan sebuah Proyek",
  "ADD_GROUP_OF_PROJECTS": "Tambah Grup Proyek",
  "ADD_PROJECT": "Tambah Proyek",
  "ALERT_TITLE": "<strong>{{time}}</strong> Kesalahan (0x0{{code}}) - Baris: <strong>{{bugLine}}</strong> Kolom: <strong>{{col}}</strong>",
  "APPLICATION_TITLE": "Scout-App: The Sass GUI",
  "ATOMIC_LABEL": "Atomic saves delay",
  "ATOMIC_NOTE": "Jika Scout-App tidak memproses file yang tersimpan, sesuaikan pengaturan ini dan restart proyek Anda.",
  "AUTOMATIC_UPDATES": "Periksa pembaruan saat peluncuran",
  "BROWSE": "Telusuri",
  "CANCEL": "Batal",
  "CAT_SCREAMING_NO": "Kucing Berteriak 'TIDAK!'",
  "CHECK_FOR_UPDATES": "Periksa Pembaruan",
  "CONFIRM_DELETE": "Apakah anda yakin",
  "DELETE": "Hapus",
  "DELETE_PROJECT": "Hapus Proyek",
  "DEVELOPMENT": "Pengembangan",
  "DEV_TOOLS": "Alat Pengembangan",
  "DOWNLOAD_UPDATE": "Unduh versi terbaru Scout-App.",
  "ENVIRONMENT": "Lingkungan",
  "EXIT": "Keluar",
  "FILE": "File",
  "FILES": "Files",
  "FOUND_SOME_PROJECTS": "Menemukan {{0}} proyek",
  "FTUX_DRAG_DROP": "<h3>Drag and Drop</h3> <h4>anywhere to import projects</h4>",
  "HIDE": "Sembunyikan",
  "IMPORT_ADD_GROUP": "Tambahkan grup proyek",
  "IMPORT_ADD_PROJECT": "Tambahkan proyek lain",
  "IMPORT_DRAG_DROP": "Drag & Drop",
  "IMPORT_HEADER": "{{0}} Proyek yang Dipilih",
  "IMPORT_INPUT": "Input (Sass)",
  "IMPORT_OUTPUT": "Hasil (CSS)",
  "IMPORT_PROJECTS": "Mengimpor Proyek",
  "IMPORT_PROJECT_NAME": "Nama Proyek",
  "INPUT_FOLDER": "Input Folder:",
  "LANGUAGE_CHOICE": "Bahasa:",
  "LANG_AR": "Arab (عربى)",
  "LANG_BG": "Bulgaria (български)",
  "LANG_DA": "Denmark (Dansk)",
  "LANG_DE": "Jerman (Deutsch)",
  "LANG_EN": "Inggris (English)",
  "LANG_ES": "Spanyol (Español)",
  "LANG_ES-AR": "Spanyol Argentina (Español Argentina)",
  "LANG_FA": "Persia (فارسی)",
  "LANG_FI": "Finlandia (Suomen)",
  "LANG_FR": "Perancis (Français)",
  "LANG_HE": "Ibrani (עִברִית)",
  "LANG_HU": "Hongaria (Magyar)",
  "LANG_ID": "Indonesia",
  "LANG_IT": "Italia (Italiano)",
  "LANG_JA": "Jepang (日本語)",
  "LANG_MR": "Marathi (मराठी)",
  "LANG_NL": "Belanda (Nederlands)",
  "LANG_NO": "Norwegia (Norsk)",
  "LANG_PL": "Polandia (Polski)",
  "LANG_PT-BR": "Portugis Brazil (Português do Brasil)",
  "LANG_RK": "Amerika Orang udik (Real America)",
  "LANG_RO": "Rumania (Română)",
  "LANG_RU": "Rusia (Русский)",
  "LANG_SQ": "Albania (Shqip)",
  "LANG_SV": "Swedia (Svenska)",
  "LANG_TR": "Turki (Türkçe)",
  "LANG_UK": "Ukraina (Українська)",
  "LANG_VI": "Vietnam (Tiếng Việt)",
  "LANG_ZH-CHT": "Cina tradisional (中文)",
  "LANG_ZH-CN": "Tiongkok yang disederhanakan (简体中文)",
  "LATEST_VERSION": "Anda memiliki versi terbaru dari Scout-App",
  "LINEFEED": "Line Endings:",
  "LINEFEED_CRLF": "CRLF",
  "LINEFEED_LF": "LF (default)",
  "LISTING_OF_PROJECTS": "Daftar proyek",
  "MESSAGES_DESKTOP": "Pemberitahuan Desktop",
  "MESSAGES_IN_APP": "Dalam Aplikasi",
  "MESSAGES_SOUND": "Mainkan suara",
  "MESSAGES_TITLE_ERROR": "Pemberitahuan Kesalahan",
  "MESSAGES_TITLE_SUCCESS": "Pemberitahuan Keberhasilan",
  "MILLISECONDS_SHORT": "ms",
  "MISSING_DATA": "Folder input atau output hilang",
  "MULTIPROJECT_IMPORT": "Mengimpor Beberapa Proyek",
  "MULTI_IMPORT_BUTTON": "Impor {{0}} Proyek",
  "NEW_PROJECT": "Proyek Baru",
  "NOTIFICATIONS_CHOICE": "Pemberitahuan",
  "NO_SASS_FILES": "Folder masukan proyek ini tidak berisi file Sass yang dapat diproses.",
  "OUTPUT_COMPACT": "Compact",
  "OUTPUT_COMPRESSED": "Dikompres",
  "OUTPUT_EXPANDED": "Expanded",
  "OUTPUT_FOLDER": "Output Folder:",
  "OUTPUT_NESTED": "Nested",
  "OUTPUT_STYLE": "Output Style",
  "OUTPUT_WARNING": "Output tidak bisa sesuai atau menjadi subfolder input.",
  "PREFERENCES": "Preferensi",
  "PROCESSED_IN_DURATION": "Diproses dalam {{duration}}",
  "PRODUCTION": "Produksi",
  "PROJECT_CONTROLS": "Kontrol Proyek",
  "PROJECT_ICON": "Ikon Proyek",
  "SCOUTAPP_LOGO": "Logo Aplikasi Scout-App",
  "SECONDS": "detik",
  "SELECT_DESELECT_ALL": "Pilih / Batal Pilih Semua",
  "SELECT_GROUP_FOLDER": "pilih folder grup",
  "SELECT_PROJECT_FOLDER": "pilih folder proyek",
  "SEND_TO_TRAY_ON_CLOSE": "Send to tray on close",
  "SERVER_DOWN": "Tidak dapat menjangkau server pembaruan. Coba lagi nanti.",
  "SHOW": "Perlihatkan",
  "START_MINIMIZED": "Start minimized",
  "STATUS": "Status",
  "STATUS_OF_ALL_PROJECTS": "Status semua proyek",
  "STYLESHEET_CHOICE": "Tema:",
  "STYLESHEET_DIRECTORIES": "Direktori Stylesheet",
  "TOGGLE_NAVIGATION": "Toggle navigation",
  "TRANSLATED_BY": "Diterjemahkan oleh:",
  "TRANSLATOR": "Dhany Nurdiansyah",
  "TRANSLATOR_MEME": "Borobudur Temple: Satu Nusa. Satu Bangsa. Satu Bahasa Kita",
  "TRANSLATOR_URL": "http://dhanyn10.github.io",
  "UPDATE_FOUND": "Pembaruan ditemukan!",
  "VERSION": "Versi",
  "VIEW": "Lihat",
  "WELCOME_MESSAGE": "Selamat Datang di Scout-App!",
  "WINDOW_SETTING": "Jendela"
}
