{
  "ABOUT": "What Is It?",
  "ABOUT_CONTRIBUTORS": "The fellers who made this: <a href='http://github.com/scout-app/scout-app' class='external-link'>Scout-App</a>:",
  "ABOUT_DEPENDENCIES": "<strong>Scout-App</strong> uses <a class='external-link' href='https://github.com/sass/node-sass'>node-sass</a> <span class='nodeSassVersion'></span> and <a class='external-link' href='https://github.com/paulmillr/chokidar'>chokidar</a> <span class='chokidarVersion'></span>.",
  "ABOUT_DESCRIPTION": "This here <strong>Scout-App</strong> lets you turn your <code>.sass</code> and <code>.scss</code> files into .css files without needed no schoolin' in code or command-line nonesense.",
  "ABOUT_SCOUTAPP": "About Scout-App",
  "ABOUT_VISIT_UPDATE": "Look here for updates:",
  "ADD_A_PROJECT": "Let's Make A Project!",
  "ADD_GROUP_OF_PROJECTS": "Truckload of Projects",
  "ADD_PROJECT": "Let's Make A Project!",
  "ALERT_TITLE": "<strong>{{time}}</strong> Oh Shit! Error (0x0{{code}}) - Line: <strong>{{bugLine}}</strong> Col: <strong>{{col}}</strong>",
  "APPLICATION_TITLE": "Scout-App: The Sass GUI that'll butter your biscuits!",
  "ATOMIC_LABEL": "Wait fer the files to save",
  "ATOMIC_NOTE": "If'n yer files saves ain't gettin' picked up, fiddle with this here thinger and give'r another go.",
  "AUTOMATIC_UPDATES": "Check for updates on launch",
  "BROWSE": "Look Around",
  "CANCEL": "Nevermind",
  "CAT_SCREAMING_NO": "Hold your horses!",
  "CHECK_FOR_UPDATES": "Anything new?",
  "CONFIRM_DELETE": "You sure boy?",
  "DELETE": "Shoot It",
  "DELETE_PROJECT": "Shoot It Dead",
  "DEVELOPMENT": "We're Live!",
  "DEV_TOOLS": "TOOLS!",
  "DOWNLOAD_UPDATE": "Download the latest version of Scout-App.",
  "ENVIRONMENT": "Trailer Park",
  "EXIT": "Goodbye",
  "FILE": "File",
  "FILES": "Files",
  "FOUND_SOME_PROJECTS": "Seen't {{0}} projects",
  "FTUX_DRAG_DROP": "<h3>Toss it here</h3> <h4>any ol' project</h4>",
  "HIDE": "Get down!",
  "IMPORT_ADD_GROUP": "Bucket o' projects",
  "IMPORT_ADD_PROJECT": "One more will do",
  "IMPORT_DRAG_DROP": "Toss it on the pile",
  "IMPORT_HEADER": "Pickin' bout {{0}} projects",
  "IMPORT_INPUT": "Input (Sass)",
  "IMPORT_OUTPUT": "Output (CSS)",
  "IMPORT_PROJECTS": "Bring Your Own Projects",
  "IMPORT_PROJECT_NAME": "Project Name",
  "INPUT_FOLDER": "Input Folder:",
  "LANGUAGE_CHOICE": "Language:",
  "LANG_AR": "Arabic (عربى)",
  "LANG_BG": "Bulgarian (български) - Like from Star Trek?",
  "LANG_DA": "Danish (Dansk) - good desserts",
  "LANG_DE": "German (Deutsch) - Hamburger Land!",
  "LANG_EN": "English",
  "LANG_ES": "Spanish (Español) - Drywall buddies",
  "LANG_ES-AR": "Spanish Argentina (Español Argentina)",
  "LANG_FA": "Persian (فارسی) - My ex's cat was Persian",
  "LANG_FI": "Finnish (Suomen) - Never heard of it",
  "LANG_FR": "French (Français) - pansies",
  "LANG_HE": "Hebrew (עִברִית) - funny little hats",
  "LANG_HU": "Hungarian (Magyar) - Hungry",
  "LANG_ID": "Indonesian (Indonesia)",
  "LANG_IT": "Italian (Italiano) - Pizza Land!",
  "LANG_JA": "Japanese (日本語) - Weird Gameshows",
  "LANG_MR": "Marathi (मराठी) - Tech Support",
  "LANG_NL": "Dutch (Nederlands) - what?",
  "LANG_NO": "Norwegian (Norsk) - Metal",
  "LANG_PL": "Polish (Polski) - Good Hotdogs",
  "LANG_PT-BR": "Brazilian Portuguese (Português do Brasil)",
  "LANG_RK": "Real America",
  "LANG_RO": "Romanian (Română)",
  "LANG_RU": "Russian (русский) - hot wives",
  "LANG_SQ": "Albanian (Shqip) - Right next to Mississippi",
  "LANG_SV": "Swedish (Svenska) - Swiss Cheese",
  "LANG_TR": "Turkish (Türkçe) - Turkish Massage Owls",
  "LANG_UK": "Ukranian (Українська)",
  "LANG_VI": "Nam (Tiếng Việt) - Charlie",
  "LANG_ZH-CHT": "Chinese Traditional (中文) - the best knockoffs",
  "LANG_ZH-CN": "Chinese Simplified (简体中文) - General Tsos",
  "LATEST_VERSION": "Relax man, you have the latest version.",
  "LINEFEED": "End of the line!",
  "LINEFEED_CRLF": "CRLF",
  "LINEFEED_LF": "LF (default)",
  "LISTING_OF_PROJECTS": "A whole mess of projects",
  "MESSAGES_DESKTOP": "Pop up thingers",
  "MESSAGES_IN_APP": "In App",
  "MESSAGES_SOUND": "Air horn",
  "MESSAGES_TITLE_ERROR": "Fubar'd that one",
  "MESSAGES_TITLE_SUCCESS": "Blue Ribbon",
  "MILLISECONDS_SHORT": "ms",
  "MISSING_DATA": "There ain't no damn input or output folder!",
  "MULTIPROJECT_IMPORT": "Pull in a buncha projects",
  "MULTI_IMPORT_BUTTON": "{{0}} Projects, let's roll",
  "NEW_PROJECT": "Start a whole new project",
  "NOTIFICATIONS_CHOICE": "Squawkin' and carryin' on",
  "NO_SASS_FILES": "Ya done goofed. You ain't got no files in your input folder.",
  "OUTPUT_COMPACT": "Make It Small",
  "OUTPUT_COMPRESSED": "Compress it too",
  "OUTPUT_EXPANDED": "Make it bigger",
  "OUTPUT_FOLDER": "Output Folder:",
  "OUTPUT_NESTED": "Nested",
  "OUTPUT_STYLE": "Output Style",
  "OUTPUT_WARNING": "Output can't match or be a subfolder of input.",
  "PREFERENCES": "Preferences",
  "PROCESSED_IN_DURATION": "Processed in {{duration}}",
  "PRODUCTION": "Production",
  "PROJECT_CONTROLS": "Project Controls",
  "PROJECT_ICON": "Project Icon",
  "SCOUTAPP_LOGO": "Scout-App Logo",
  "SECONDS": "seconds",
  "SELECT_DESELECT_ALL": "Check or uncheck everything",
  "SELECT_GROUP_FOLDER": "pick out your group folder",
  "SELECT_PROJECT_FOLDER": "where's your project?",
  "SEND_TO_TRAY_ON_CLOSE": "Send to tray on close",
  "SERVER_DOWN": "Server's dead. Try again some other time.",
  "SHOW": "C'mon out now",
  "START_MINIMIZED": "Start minimized",
  "STATUS": "What's going on now?",
  "STATUS_OF_ALL_PROJECTS": "How's everything going right now?",
  "STYLESHEET_CHOICE": "Theme:",
  "STYLESHEET_DIRECTORIES": "Stylesheet Directories",
  "TOGGLE_NAVIGATION": "Show/Hide Navigation",
  "TRANSLATED_BY": "Translated by:",
  "TRANSLATOR": "The Chris Lusk",
  "TRANSLATOR_MEME": "Don't Tread On Me flag.",
  "TRANSLATOR_URL": "http://www.56whiskeyclub.com",
  "UPDATE_FOUND": "I found an update!",
  "VERSION": "Model",
  "VIEW": "Look At It",
  "WELCOME_MESSAGE": "Well howdy buddy! Welcome to Scout-App!",
  "WINDOW_SETTING": "Window"
}
