{
  "ABOUT": "Despre",
  "ABOUT_CONTRIBUTORS": "Colaboratori la <a href='http://github.com/scout-app/scout-app' class='external-link'>Scout-App</a>:",
  "ABOUT_DEPENDENCIES": "<strong>Scout-App</strong> utilizează <a class='external-link' href='https://github.com/sass/node-sass'>node-sass</a> <span class='nodeSassVersion'></span> și <a class='external-link' href='https://github.com/paulmillr/chokidar'>chokidar</a> <span class='chokidarVersion'></span>.",
  "ABOUT_DESCRIPTION": "<strong>Scout-App</strong> vă permite să transformați fișierele <code>.sass</code> și <code>.scss</code> în fișiere .css fără să aveți nevoie de comenzi scrise în terminal.",
  "ABOUT_SCOUTAPP": "Despre Scout-App",
  "ABOUT_VISIT_UPDATE": "Vizitează website-ul Scout-App pentru a verifica ultimele actualizări:",
  "ADD_A_PROJECT": "Adaugă un proiect",
  "ADD_GROUP_OF_PROJECTS": "Adaugă un grup de proiecte",
  "ADD_PROJECT": "Adaugă proiect",
  "ALERT_TITLE": "<strong>{{time}}</strong> Eroare (0x0{{code}}) - Linia: <strong>{{bugLine}}</strong> Coloana: <strong>{{col}}</strong>",
  "APPLICATION_TITLE": "Scout-App: Interfața grafică Sass",
  "ATOMIC_LABEL": "Atomic salvează ...",
  "ATOMIC_NOTE": "Dacă Scout-App nu transformă fișierele la salvare, modificați acest parametru și restartați proiectul.",
  "AUTOMATIC_UPDATES": "Căutați actualizări la lansare",
  "BROWSE": "Adaugă fișiere",
  "CANCEL": "Anulează",
  "CAT_SCREAMING_NO": "Pisica țipând \"NU!\"",
  "CHECK_FOR_UPDATES": "Verifică ultimele actualizări",
  "CONFIRM_DELETE": "Sunteți sigur?",
  "DELETE": "Elimină",
  "DELETE_PROJECT": "Elimină Proiect",
  "DEVELOPMENT": "Dezvoltare",
  "DEV_TOOLS": "Unelte Dezvoltare",
  "DOWNLOAD_UPDATE": "Descărcați cea mai recentă versiune a aplicației Scout.",
  "ENVIRONMENT": "Mediu",
  "EXIT": "Ieșire",
  "FILE": "Fișier",
  "FILES": "Fișiere",
  "FOUND_SOME_PROJECTS": "a găsit {{0}} proiecte",
  "FTUX_DRAG_DROP": "<h3>Trage și lasă</h3> <h4>oriunde aici pentru a importa proiecte</h4>",
  "HIDE": "Ascunde",
  "IMPORT_ADD_GROUP": "Adaugă grup de proiecte",
  "IMPORT_ADD_PROJECT": "Adaugă alt proiect",
  "IMPORT_DRAG_DROP": "Trage și Lasă",
  "IMPORT_HEADER": "{{0}} Proiecte Selectate",
  "IMPORT_INPUT": "Intrare (Sass)",
  "IMPORT_OUTPUT": "Ieșire (CSS)",
  "IMPORT_PROJECTS": "Importă Proiecte",
  "IMPORT_PROJECT_NAME": "Nume Proiect",
  "INPUT_FOLDER": "Director de intrare:",
  "LANGUAGE_CHOICE": "Limbă:",
  "LANG_AR": "Arabă (عربى)",
  "LANG_BG": "Bulgară (български)",
  "LANG_DA": "Daneză (Dansk)",
  "LANG_DE": "Germană (Deutsch)",
  "LANG_EN": "Engleză (English)",
  "LANG_ES": "Spaniolă (Español)",
  "LANG_ES-AR": "Spaniolă - Argentina (Español Argentina)",
  "LANG_FA": "Persană (فارسی)",
  "LANG_FI": "Finlandeză (Suomen)",
  "LANG_FR": "Franceză (Français)",
  "LANG_HE": "Ebraică (עִברִית)",
  "LANG_HU": "Maghiară (Magyar)",
  "LANG_ID": "Indoneziană (Indonesia)",
  "LANG_IT": "Italiană (Italiano)",
  "LANG_JA": "Japoneză (日本語)",
  "LANG_MR": "Marathi (मराठी)",
  "LANG_NL": "Olandeză (Nederlands)",
  "LANG_NO": "Norvegiană (Norsk)",
  "LANG_PL": "Poloneză (Polski)",
  "LANG_PT-BR": "Portugheză - Brazilia (Português do Brasil)",
  "LANG_RK": "Nebunul American (Redneck)",
  "LANG_RO": "Română (Română)",
  "LANG_RU": "Rusă (Русский)",
  "LANG_SQ": "Albaneză (Shqip)",
  "LANG_SV": "Suedeză (Svenska)",
  "LANG_TR": "Turcă (Türkçe)",
  "LANG_UK": "Ucrainian (Українська)",
  "LANG_VI": "Vietnameză (Tiếng Việt)",
  "LANG_ZH-CHT": "Chineză Tradițională (中文)",
  "LANG_ZH-CN": "Chineză Simplificată (简体中文)",
  "LATEST_VERSION": "Aveți ultima versiune Scout-App.",
  "LINEFEED": "Terminația de linie:",
  "LINEFEED_CRLF": "CRLF",
  "LINEFEED_LF": "LF (implicit)",
  "LISTING_OF_PROJECTS": "Listă de proiecte",
  "MESSAGES_DESKTOP": "Notificare în Desktop",
  "MESSAGES_IN_APP": "În Scout-App",
  "MESSAGES_SOUND": "Redă sunetul",
  "MESSAGES_TITLE_ERROR": "Mesaje de Eroare",
  "MESSAGES_TITLE_SUCCESS": "Mesage de Succes",
  "MILLISECONDS_SHORT": "ms",
  "MISSING_DATA": "Lipsește directorul de intrare sau ieșire.",
  "MULTIPROJECT_IMPORT": "Importă mai multe proiecte",
  "MULTI_IMPORT_BUTTON": "Import {{0}} Proiecte",
  "NEW_PROJECT": "Proiect Nou",
  "NOTIFICATIONS_CHOICE": "Notificări",
  "NO_SASS_FILES": "Directorul de intrare al acestui proiect nu conține fișiere Sass care pot fi procesate.",
  "OUTPUT_COMPACT": "Compact",
  "OUTPUT_COMPRESSED": "Comprimat",
  "OUTPUT_EXPANDED": "Extins",
  "OUTPUT_FOLDER": "Director de ieșire:",
  "OUTPUT_NESTED": "Implicit (Nested)",
  "OUTPUT_STYLE": "Nivel de comprimare",
  "OUTPUT_WARNING": "Directorul de ieșire nu poate fi același cu cel de intrare sau în acesta.",
  "PREFERENCES": "Preferințe",
  "PROCESSED_IN_DURATION": "Procesat în {{duration}}",
  "PRODUCTION": "Producție",
  "PROJECT_CONTROLS": "Controlul proiectelor",
  "PROJECT_ICON": "Icoană Proiect",
  "SCOUTAPP_LOGO": "Scout-App Logo",
  "SECONDS": "secunde",
  "SELECT_DESELECT_ALL": "Selectează/Deselectează Tot",
  "SELECT_GROUP_FOLDER": "selectează directorul grupului",
  "SELECT_PROJECT_FOLDER": "selectează un director de proiecte",
  "SEND_TO_TRAY_ON_CLOSE": "Pastrează aplicația în bara de activități la închidere",
  "SERVER_DOWN": "Nu se poate ajunge la serverul de actualizare. Încercați mai târziu.",
  "SHOW": "Arată",
  "START_MINIMIZED": "Pornire minimizată",
  "STATUS": "Stare",
  "STATUS_OF_ALL_PROJECTS": "Starea tuturor proiectelor",
  "STYLESHEET_CHOICE": "Temă:",
  "STYLESHEET_DIRECTORIES": "Directoare de lucru",
  "TOGGLE_NAVIGATION": "Menu",
  "TRANSLATED_BY": "Tradus de:",
  "TRANSLATOR": "Radu de la ProAppSoft, Tresco",
  "TRANSLATOR_MEME": "”Să revenim la oile noastre”",
  "TRANSLATOR_URL": "https://proappsoft.com, https://github.com/TrescoNet",
  "UPDATE_FOUND": "Actualizare găsită!",
  "VERSION": "Versiune",
  "VIEW": "Vizualizare",
  "WELCOME_MESSAGE": "Bun venit la Scout-App!",
  "WINDOW_SETTING": "Fereastră"
}
