{
  "ABOUT": "Giới thiệu",
  "ABOUT_CONTRIBUTORS": "Người đóng góp cho <a href='http://github.com/scout-app/scout-app' class='external-link'>Scout-App</a>:",
  "ABOUT_DEPENDENCIES": "<strong>Scout-App</strong> sử dụng <a class='external-link' href='https://github.com/sass/node-sass'>node-sass</a> <span class='nodeSassVersion'></span> và <a class='external-link' href='https://github.com/paulmillr/chokidar'>chokidar</a> <span class='chokidarVersion'></span>.",
  "ABOUT_DESCRIPTION": "<strong>Scout-App</strong> cho phép bạn xử lý các tệp <code>.sass</code> và <code>.scss</code> thành CSS mà không cần kiến thức về dòng lệnh.",
  "ABOUT_SCOUTAPP": "Về Scout-App",
  "ABOUT_VISIT_UPDATE": "Truy cập vào trang web của Scout-App để kiểm tra các bản cập nhật:",
  "ADD_A_PROJECT": "Thêm một dự án",
  "ADD_GROUP_OF_PROJECTS": "Thêm nhóm các dự án",
  "ADD_PROJECT": "Thêm dự án",
  "ALERT_TITLE": "<strong>{{time}}</strong> Lỗi (0x0{{code}}) - Dòng: <strong>{{bugLine}}</strong> Cột: <strong>{{col}}</strong>",
  "APPLICATION_TITLE": "Scout-App: Ứng dụng biên dịch Sass",
  "ATOMIC_LABEL": "Nguyên tử lưu chậm trễ",
  "ATOMIC_NOTE": "Nếu Scout-App không xử lý các tệp trên lưu, hãy điều chỉnh cài đặt này và khởi động lại dự án của bạn.",
  "AUTOMATIC_UPDATES": "Kiểm tra bản cập nhật về khởi chạy",
  "BROWSE": "Duyệt",
  "CANCEL": "Bỏ qua",
  "CAT_SCREAMING_NO": "Mèo hét lên 'KHÔNG!'",
  "CHECK_FOR_UPDATES": "Kiểm tra cập nhật",
  "CONFIRM_DELETE": "Bạn chắc chứ?",
  "DELETE": "Xóa",
  "DELETE_PROJECT": "Xóa dự án",
  "DEVELOPMENT": "Phát triển",
  "DEV_TOOLS": "Công cụ phát triển",
  "DOWNLOAD_UPDATE": "Tải xuống phiên bản Scout-App mới nhất.",
  "ENVIRONMENT": "Môi trường",
  "EXIT": "Thoát",
  "FILE": "Tệp",
  "FILES": "Các tập tin",
  "FOUND_SOME_PROJECTS": "phát hiện {{0}} dự án",
  "FTUX_DRAG_DROP": "<h3>Kéo và Thả</h3> <h4>để thêm dự án từ bất kỳ đâu</h4>",
  "HIDE": "Ẩn",
  "IMPORT_ADD_GROUP": "Thêm nhóm các dự án",
  "IMPORT_ADD_PROJECT": "Thêm dự án khác",
  "IMPORT_DRAG_DROP": "Kéo & Thả",
  "IMPORT_HEADER": "{{0}} dự án được chọn",
  "IMPORT_INPUT": "Đầu vào (Sass)",
  "IMPORT_OUTPUT": "Đầu ra (CSS)",
  "IMPORT_PROJECTS": "Nhập khẩu dự án",
  "IMPORT_PROJECT_NAME": "Tên dự án",
  "INPUT_FOLDER": "Đầu vào (Sass):",
  "LANGUAGE_CHOICE": "Ngôn ngữ:",
  "LANG_AR": "Tiếng Ả Rập (عربى)",
  "LANG_BG": "Tiếng Bulgaria (български)",
  "LANG_DA": "Tiếng Đan Mạch (Dansk)",
  "LANG_DE": "Tiếng Đức (Deutsch)",
  "LANG_EN": "Tiếng Anh (English)",
  "LANG_ES": "Tiếng Tây Ban Nha (Español)",
  "LANG_ES-AR": "Tiếng Argentina Tây Ban Nha (Español Argentina)",
  "LANG_FA": "Tiếng Ba Tư (فارسی)",
  "LANG_FI": "Tiếng Phần lan (Suomen)",
  "LANG_FR": "Tiếng Pháp (Français)",
  "LANG_HE": "Tiếng Do Thái (עִברִית)",
  "LANG_HU": "Tiếng Hungary (Magyar)",
  "LANG_ID": "Người Indonesia (Indonesia)",
  "LANG_IT": "Tiếng Ý (Italiano)",
  "LANG_JA": "Tiếng Nhật (日本語)",
  "LANG_MR": "Tiếng Marathi (मराठी)",
  "LANG_NL": "Tiếng Hà Lan (Nederlands)",
  "LANG_NO": "Tiếng Na Uy (Norsk)",
  "LANG_PL": "Tiếng Ba lan (Polski)",
  "LANG_PT-BR": "Tiếng Bồ Đào Nha của người brazi (Português do Brasil)",
  "LANG_RK": "Tiếng Mỹ đời thường (Redneck)",
  "LANG_RO": "Tiếng Ru-ma-ni (Română)",
  "LANG_RU": "Tiếng Nga (русский)",
  "LANG_SQ": "Tiếng Albania (Shqip)",
  "LANG_SV": "Tiếng Thụy Điển (Svenska)",
  "LANG_TR": "Tiếng Thổ Nhĩ Kỳ (Türkçe)",
  "LANG_UK": "Tiếng Ukraina (Українська)",
  "LANG_VI": "Tiếng Việt",
  "LANG_ZH-CHT": "Tiếng Trung Quốc truyền thống (中文)",
  "LANG_ZH-CN": "Tiếng Trung Giản thể (简体中文)",
  "LATEST_VERSION": "Bạn đang sử dụng phiên bản mới nhất.",
  "LINEFEED": "Nạp tiền",
  "LINEFEED_CRLF": "CRLF",
  "LINEFEED_LF": "LF (mặc định)",
  "LISTING_OF_PROJECTS": "Liệt kê các dự án",
  "MESSAGES_DESKTOP": "Thông báo trên màn hình",
  "MESSAGES_IN_APP": "Trong ứng dụng",
  "MESSAGES_SOUND": "Phát âm thanh",
  "MESSAGES_TITLE_ERROR": "Báo lỗi",
  "MESSAGES_TITLE_SUCCESS": "Báo thành công",
  "MILLISECONDS_SHORT": "mili giây",
  "MISSING_DATA": "Thiếu thư mục đầu vào hoặc đầu ra.",
  "MULTIPROJECT_IMPORT": "Nhập dự án hàng loạt",
  "MULTI_IMPORT_BUTTON": "Nhập {{0}} dự án",
  "NEW_PROJECT": "Dự án mới",
  "NOTIFICATIONS_CHOICE": "Thông báo",
  "NO_SASS_FILES": "Thư mục đầu vào của dự án này không chứa tệp Sass mà có thể xử lý được.",
  "OUTPUT_COMPACT": "Gọn gàng",
  "OUTPUT_COMPRESSED": "Nén",
  "OUTPUT_EXPANDED": "Mở rộng",
  "OUTPUT_FOLDER": "Đầu ra (CSS):",
  "OUTPUT_NESTED": "Lồng nhau",
  "OUTPUT_STYLE": "Kiểu đầu ra",
  "OUTPUT_WARNING": "Đầu vào không hợp lệ hoặc là thư mục con của đầu ra.",
  "PREFERENCES": "Tùy chọn",
  "PROCESSED_IN_DURATION": "Xử lý trong {{duration}}",
  "PRODUCTION": "Thực tế",
  "PROJECT_CONTROLS": "Project Controls",
  "PROJECT_ICON": "Project Icon",
  "SCOUTAPP_LOGO": "Scout-App Logo",
  "SECONDS": "giây",
  "SELECT_DESELECT_ALL": "Chọn/Bỏ chọn tất cả",
  "SELECT_GROUP_FOLDER": "chọn nhiều thư mục",
  "SELECT_PROJECT_FOLDER": "chọn một thư mục",
  "SEND_TO_TRAY_ON_CLOSE": "Gửi tới khay khi đóng",
  "SERVER_DOWN": "Không thể kết nối đến máy chủ. Hãy thử lại sau.",
  "SHOW": "Hiện",
  "START_MINIMIZED": "Bắt đầu giảm thiểu",
  "STATUS": "Trạng thái",
  "STATUS_OF_ALL_PROJECTS": "Trạng thái của tất cả dự án",
  "STYLESHEET_CHOICE": "Giao diện:",
  "STYLESHEET_DIRECTORIES": "Thư mục Stylesheet",
  "TOGGLE_NAVIGATION": "Toggle navigation",
  "TRANSLATED_BY": "Được dịch bởi:",
  "TRANSLATOR": "Zzbaivong",
  "TRANSLATOR_MEME": "Sass, đâu đâu cũng Sass",
  "TRANSLATOR_URL": "https://baivong.github.io",
  "UPDATE_FOUND": "Đã tìm thấy bản cập nhật!",
  "VERSION": "Phiên bản",
  "VIEW": "Hiển thị",
  "WELCOME_MESSAGE": "Chào mừng bạn đến Scout-App!",
  "WINDOW_SETTING": "Cửa sổ"
}
