{
  "ABOUT": "关于",
  "ABOUT_CONTRIBUTORS": "<a href='http://github.com/scout-app/scout-app' class='external-link'>Scout-App</a> 开发者",
  "ABOUT_DEPENDENCIES": "<strong>Scout-App</strong> 使用 <a class='external-link' href='https://github.com/sass/node-sass'>node-sass</a> <span class='nodeSassVersion'></span> 及 <a class='external-link' href='https://github.com/paulmillr/chokidar'>chokidar</a> <span class='chokidarVersion'></span>.",
  "ABOUT_DESCRIPTION": "无须记忆任何命令行<strong>Scout-App</strong> 帮您编译<code>.sass</code> and <code>.scss</code>至 CSS 格式.",
  "ABOUT_SCOUTAPP": "About Scout-App",
  "ABOUT_VISIT_UPDATE": "网站更新",
  "ADD_A_PROJECT": "添加项目",
  "ADD_GROUP_OF_PROJECTS": "添加多个项目",
  "ADD_PROJECT": "添加项目",
  "ALERT_TITLE": "<strong>{{time}}</strong> 错误 (0x0{{code}}) - 行: <strong>{{bugLine}}</strong> 列: <strong>{{col}}</strong>",
  "APPLICATION_TITLE": "Scout-App: The Sass GUI",
  "ATOMIC_LABEL": "原子节省延迟",
  "ATOMIC_NOTE": "如果Scout-App在保存时未处理文件，请调整此设置并重新启动项目。",
  "AUTOMATIC_UPDATES": "检查启动更新",
  "BROWSE": "浏览",
  "CANCEL": "取消",
  "CAT_SCREAMING_NO": "不要啊~~~",
  "CHECK_FOR_UPDATES": "检查新版本",
  "CONFIRM_DELETE": "确定吗？",
  "DELETE": "删除",
  "DELETE_PROJECT": "删除项目",
  "DEVELOPMENT": "开发中",
  "DEV_TOOLS": "调试",
  "DOWNLOAD_UPDATE": "下载Scout-App的最新版本。",
  "ENVIRONMENT": "环境",
  "EXIT": "退出",
  "FILE": "文件",
  "FILES": "档",
  "FOUND_SOME_PROJECTS": "找到 {{0}} 个项目",
  "FTUX_DRAG_DROP": "<h3>拖放方式</h3> <h4>导入项目</h4>",
  "HIDE": "隐藏",
  "IMPORT_ADD_GROUP": "导入多个项目",
  "IMPORT_ADD_PROJECT": "导入项目",
  "IMPORT_DRAG_DROP": "拖放",
  "IMPORT_HEADER": "{{0}} 个已选择项目",
  "IMPORT_INPUT": "导入（Sass）",
  "IMPORT_OUTPUT": "输出 (CSS)",
  "IMPORT_PROJECTS": "导入项目",
  "IMPORT_PROJECT_NAME": "项目名称",
  "INPUT_FOLDER": "源文件夹",
  "LANGUAGE_CHOICE": "选择语言：",
  "LANG_AR": "阿拉伯语 (العربية)",
  "LANG_BG": "保加利亚语 (български)",
  "LANG_DA": "丹麦语 (Dansk)",
  "LANG_DE": "德语 (Deutsch)",
  "LANG_EN": "英文 (English)",
  "LANG_ES": "西班牙语 (Español)",
  "LANG_ES-AR": "西班牙阿根廷 (Español Argentina)",
  "LANG_FA": "波斯语 (فارسی)",
  "LANG_FI": "芬兰语 (Suomen)",
  "LANG_FR": "法语 (Français)",
  "LANG_HE": "希伯来语 (עִברִית)",
  "LANG_HU": "匈牙利语 (Magyar)",
  "LANG_ID": "印度尼西亚 (Indonesia)",
  "LANG_IT": "意大利语 (Italiano)",
  "LANG_JA": "日本 (日本語)",
  "LANG_MR": "马拉 (मराठी)",
  "LANG_NL": "荷兰语 (Nederlands)",
  "LANG_NO": "挪威 (Norsk)",
  "LANG_PL": "波兰语 (Polski)",
  "LANG_PT-BR": "巴西语 (Português do Brasil)",
  "LANG_RK": "美国土话 (Real America)",
  "LANG_RO": "罗马尼亚语 (Română)",
  "LANG_RU": "俄语 (русский)",
  "LANG_SQ": "阿尔巴尼亚人 (Shqip)",
  "LANG_SV": "瑞典 (Svenska)",
  "LANG_TR": "土耳其语 (Türkçe)",
  "LANG_UK": "乌克兰语（Українська）",
  "LANG_VI": "越南语 (Tiếng Việt)",
  "LANG_ZH-CHT": "中国传统的 (繁体中文)",
  "LANG_ZH-CN": "简体中文",
  "LATEST_VERSION": "您的 Scout-App 已经是最新版本",
  "LINEFEED": "换行",
  "LINEFEED_CRLF": "CRLF",
  "LINEFEED_LF": "LF（默认）",
  "LISTING_OF_PROJECTS": "项目列表",
  "MESSAGES_DESKTOP": "桌面通知",
  "MESSAGES_IN_APP": "程序消息",
  "MESSAGES_SOUND": "播放音效",
  "MESSAGES_TITLE_ERROR": "出错信息",
  "MESSAGES_TITLE_SUCCESS": "成功信息",
  "MILLISECONDS_SHORT": "毫秒",
  "MISSING_DATA": "找不到输入输出文件夹",
  "MULTIPROJECT_IMPORT": "导入多个项目",
  "MULTI_IMPORT_BUTTON": "导入{{0}} 项目",
  "NEW_PROJECT": "新项目",
  "NOTIFICATIONS_CHOICE": "通知",
  "NO_SASS_FILES": "输入文件夹不含有任何Sass文件",
  "OUTPUT_COMPACT": "简洁",
  "OUTPUT_COMPRESSED": "压缩",
  "OUTPUT_EXPANDED": "扩展",
  "OUTPUT_FOLDER": "输出文件夹:",
  "OUTPUT_NESTED": "嵌套",
  "OUTPUT_STYLE": "输出类型",
  "OUTPUT_WARNING": "输入输出不可为同一文件夹 或 输出文件夹不可以为输入文件夹的子文件夹",
  "PREFERENCES": "偏好设置",
  "PROCESSED_IN_DURATION": "处理时间：",
  "PRODUCTION": "上线",
  "PROJECT_CONTROLS": "项目控制",
  "PROJECT_ICON": "项目图标",
  "SCOUTAPP_LOGO": "Scout-App 商标",
  "SECONDS": "秒",
  "SELECT_DESELECT_ALL": "全选/全不选",
  "SELECT_GROUP_FOLDER": "选择一组项目文件夹",
  "SELECT_PROJECT_FOLDER": "选择一个项目文件夹",
  "SEND_TO_TRAY_ON_CLOSE": "发送到托盘关闭",
  "SERVER_DOWN": "服务器故障，请稍候再试",
  "SHOW": "显示",
  "START_MINIMIZED": "开始最小化",
  "STATUS": "状态",
  "STATUS_OF_ALL_PROJECTS": "查看所有项目状态",
  "STYLESHEET_CHOICE": "主题",
  "STYLESHEET_DIRECTORIES": "CSS 输出设置",
  "TOGGLE_NAVIGATION": "显示/隐藏 导航",
  "TRANSLATED_BY": "翻译者：",
  "TRANSLATOR": "YIXIANG ZHANG (Alafly)",
  "TRANSLATOR_MEME": "程序猿",
  "TRANSLATOR_URL": "mailto:alaflycanada@gmail.com",
  "UPDATE_FOUND": "有新版本啦！",
  "VERSION": "版本",
  "VIEW": "视图",
  "WELCOME_MESSAGE": "欢迎使用 Scout-App!",
  "WINDOW_SETTING": "窗口"
}
