{
  "ABOUT": "من نحن",
  "ABOUT_CONTRIBUTORS": "المساهمون في <a href='http://github.com/scout-app/scout-app' class='external-link'>Scout-App</a>:",
  "ABOUT_DEPENDENCIES": "<strong>Scout-App</strong> يستخدم <a class='external-link' href='https://github.com/sass/node-sass'>node-sass</a> <span class='nodeSassVersion'></span> و <a class='external-link' href='https://github.com/paulmillr/chokidar'>chokidar</a> <span class='chokidarVersion'></span>.",
  "ABOUT_DESCRIPTION": "<strong>Scout-App</strong> يسمح لك بمعالجة ملفات <code>.sass</code> و <code>.scss</code> إلى ملفات CSS دون أية حاجة للتعامل مع سطر الأوامر",
  "ABOUT_SCOUTAPP": "عن Scout-App",
  "ABOUT_VISIT_UPDATE": "زر موقع Scout-App للبحث عن تحديثات:",
  "ADD_A_PROJECT": "أضف مشروعًا",
  "ADD_GROUP_OF_PROJECTS": "أضف مجموعة مشاريع",
  "ADD_PROJECT": "إضافة مشروع",
  "ALERT_TITLE": "<strong>{{time}}</strong> خطأ(0x0{{code}}) - السطر: <strong>{{bugLine}}</strong> الحقل: <strong>{{col}}</strong>",
  "APPLICATION_TITLE": "Scout-App: واجهة Sass",
  "ATOMIC_LABEL": "يوفر الذري التأخير",
  "ATOMIC_NOTE": "إذا كان الكشافة التطبيق لا معالجة الملفات على حفظ، وضبط هذا الإعداد وإعادة تشغيل المشروع الخاص بك.",
  "AUTOMATIC_UPDATES": "التحديثات التلقائية",
  "BROWSE": "استعراض",
  "CANCEL": "إلغاء",
  "CAT_SCREAMING_NO": "قطة تصرخ: \"لا!\"",
  "CHECK_FOR_UPDATES": "البحث عن تحديثات",
  "CONFIRM_DELETE": "هل أنت متأكد؟",
  "DELETE": "إزالة",
  "DELETE_PROJECT": "إزالة المشروع",
  "DEVELOPMENT": "تطوير",
  "DEV_TOOLS": "أدوات المطورين",
  "DOWNLOAD_UPDATE": "قم بتنزيل أحدث إصدار من Scout-App.",
  "ENVIRONMENT": "البيئة المستهدفة",
  "EXIT": "خروج",
  "FILE": "ملف",
  "FILES": "ملفات",
  "FOUND_SOME_PROJECTS": "عثر على {{0}} مشاريع",
  "FTUX_DRAG_DROP": "<h3>اسحب وأفلت</h3> <h4>في أي مكان لاستيراد المشاريع</h4>",
  "HIDE": "إخفاء",
  "IMPORT_ADD_GROUP": "أضف عدة مشاريع",
  "IMPORT_ADD_PROJECT": "أضف مشروعًًا آخر",
  "IMPORT_DRAG_DROP": "سحب وإفلات",
  "IMPORT_HEADER": "{{0}} مشروعًا محددًا",
  "IMPORT_INPUT": "المدخل (Sass)",
  "IMPORT_OUTPUT": "المُخرج (CSS)",
  "IMPORT_PROJECTS": "استيراد مشاريع",
  "IMPORT_PROJECT_NAME": "اسم المشروع",
  "INPUT_FOLDER": "مجلد المدخلات",
  "LANGUAGE_CHOICE": "اللغة:",
  "LANG_AR": "عربى",
  "LANG_BG": "البلغارية (български)",
  "LANG_DA": "الدنماركية (Dansk)",
  "LANG_DE": "الألمانية (Deutsch)",
  "LANG_EN": "الإنجليزية (English)",
  "LANG_ES": "الإسبانية (Español)",
  "LANG_ES-AR": "الأسبانية الأرجنتين (Español Argentina)",
  "LANG_FA": "الفارسية (فارسى)",
  "LANG_FI": "الفنلندية (Suomen)",
  "LANG_FR": "الفرنسية (Français)",
  "LANG_HE": "العبرية (עִברִית)",
  "LANG_HU": "الهنغارية (Magyar)",
  "LANG_ID": "الأندونيسية (Indonesia)",
  "LANG_IT": "الإيطالية (Italiano)",
  "LANG_JA": "اليابانية (日本語)",
  "LANG_MR": "المهاراتية (मराठी)",
  "LANG_NL": "الهولندية (Nederlands)",
  "LANG_NO": "النرويجية (Norsk)",
  "LANG_PL": "البولندية (Polski)",
  "LANG_PT-BR": "البرتغالية البرازيلية (Português do Brasil)",
  "LANG_RK": "لغة الهنود الحمر (Real America)",
  "LANG_RO": "روماني (Română)",
  "LANG_RU": "الروسية (русский)",
  "LANG_SQ": "الألبانية (Shqip)",
  "LANG_SV": "اللغة السويدية (Svenska)",
  "LANG_TR": "اللغة التركية (Türkçe)",
  "LANG_UK": "الأوكرانية (Українська)",
  "LANG_VI": "الفيتنامية (Tiếng Việt)",
  "LANG_ZH-CHT": "الصينية التقليدية (中文)",
  "LANG_ZH-CN": "الصينية المبسطة (简体中文)",
  "LATEST_VERSION": "لديك أحدث نسخة من Scout-App.",
  "LINEFEED": "سطر تغذية",
  "LINEFEED_CRLF": "CRLF",
  "LINEFEED_LF": "LF (افتراضي)",
  "LISTING_OF_PROJECTS": "قائمة بالمشاريع",
  "MESSAGES_DESKTOP": "تنبيهات سطح المكتب",
  "MESSAGES_IN_APP": "بداخل التطبيق",
  "MESSAGES_SOUND": "تشغيل صوت",
  "MESSAGES_TITLE_ERROR": "رسائل خطأ",
  "MESSAGES_TITLE_SUCCESS": "رسائل نجاح",
  "MILLISECONDS_SHORT": "جزء من ثانية",
  "MISSING_DATA": "مجلد المدخلات أو المخرجات مفقود.",
  "MULTIPROJECT_IMPORT": "استيراد عدة مشاريع",
  "MULTI_IMPORT_BUTTON": "استيراد {{0}} مشاريع",
  "NEW_PROJECT": "مشروع جديد",
  "NOTIFICATIONS_CHOICE": "التنبيهات",
  "NO_SASS_FILES": "مجلد هذا المشروع لا يحتوي على أي ملفات Sass لمعالجتها.",
  "OUTPUT_COMPACT": "بسيط",
  "OUTPUT_COMPRESSED": "مضغوط",
  "OUTPUT_EXPANDED": "بدون ضغط",
  "OUTPUT_FOLDER": "مجلد الملفات الناتجة:",
  "OUTPUT_NESTED": "متداخل",
  "OUTPUT_STYLE": "نمط الملف الناتج",
  "OUTPUT_WARNING": "مجلد المخرجات لا يمكن أن يطابق أو يكون مجلدًا فرعيًا لمجلد المدخلات.",
  "PREFERENCES": "التفضيلات",
  "PROCESSED_IN_DURATION": "عولج خلال  {{duration}}",
  "PRODUCTION": "الإنتاج",
  "PROJECT_CONTROLS": "التحكم بالمشروع",
  "PROJECT_ICON": "أيقونة المشروع",
  "SCOUTAPP_LOGO": "شعار Scout-App",
  "SECONDS": "ثوانٍ",
  "SELECT_DESELECT_ALL": "تحديد/إلغاء تحديد الكل",
  "SELECT_GROUP_FOLDER": "اختر مجلد المشاريع",
  "SELECT_PROJECT_FOLDER": "اختر مجلد مشروع",
  "SEND_TO_TRAY_ON_CLOSE": "إرسال إلى علبة على وثيقة",
  "SERVER_DOWN": "تعذّر الاتصال بخادم التحديثات. حاول مرة أخرى لاحقًا.",
  "SHOW": "إظهار",
  "START_MINIMIZED": "بداية الحد الادنى",
  "STATUS": "الحالة",
  "STATUS_OF_ALL_PROJECTS": "حالات كل المشاريع",
  "STYLESHEET_CHOICE": "السمة:",
  "STYLESHEET_DIRECTORIES": "مجلدات ملفات الأنماط (stylesheets)",
  "TOGGLE_NAVIGATION": "إظهار المتنقل",
  "TRANSLATED_BY": "ترجمه:",
  "TRANSLATOR": "MrG0lden",
  "TRANSLATOR_MEME": "هانك هيل (شخصية كرتونية) من مسلسل ملك الجحيم يقول: \"أنا أعالج ملفات Sass، ودوال Sass.",
  "TRANSLATOR_URL": "http://github.com/mrg0lden",
  "UPDATE_FOUND": "وجدنا تحديثًا!",
  "VERSION": "الإصدار",
  "VIEW": "عرض",
  "WELCOME_MESSAGE": "مرحبًا بك في Scout-App!",
  "WINDOW_SETTING": "نافذة الضبط"
}
