{
  "ABOUT": "درباره ما",
  "ABOUT_CONTRIBUTORS": "کسانی که در ساخت این نرم افزار مشارکت داشته اند",
  "ABOUT_DEPENDENCIES": "<strong>پیشآهنگی برنامه</strong> با استفاده از <span class=\" nodeSassVersion\"></span> <a class=\"external-link\" href=\"https://github.com/sass/node-sass\">node-sass</a> را توسط در و <span class=\"chokidarVersion\"></span> <a class=\"external-link\" href=\"https://github.com/paulmillr/chokidar\">chokidar</a> را توسط  در.",
  "ABOUT_DESCRIPTION": "کاربردهای این برنامه",
  "ABOUT_SCOUTAPP": "SCOUTAPP چیست",
  "ABOUT_VISIT_UPDATE": "بازدید از وب سایت پیشآهنگی برنامه برای به روز رسانی:",
  "ADD_A_PROJECT": "اضافه کردن یک پروژه",
  "ADD_GROUP_OF_PROJECTS": "اضافه کردن گروهی از پروژه ها",
  "ADD_PROJECT": "افزودن پروژه",
  "ALERT_TITLE": "عنوان خطا",
  "APPLICATION_TITLE": "عنوان برنامه کاربردی",
  "ATOMIC_LABEL": "اتمی موجب صرفه جویی در تاخیر",
  "ATOMIC_NOTE": "اگر Scout-App فایل های ذخیره شده را پردازش نمی کند، این تنظیم را تنظیم و پروژه خود را مجددا راه اندازی کنید.",
  "AUTOMATIC_UPDATES": "برای به روز رسانی در راه اندازی چک کنید",
  "BROWSE": "کاوش و انتخاب",
  "CANCEL": "لغو",
  "CAT_SCREAMING_NO": "حذف پروژه",
  "CHECK_FOR_UPDATES": "بررسی آپدیت جدید",
  "CONFIRM_DELETE": "ایا مطمئن هستی میخوای پروژه رو حذف کنی ؟!",
  "DELETE": "حذف",
  "DELETE_PROJECT": "حذف پروژه",
  "DEVELOPMENT": "کد نویسی",
  "DEV_TOOLS": "ابزار توسعه",
  "DOWNLOAD_UPDATE": "آخرین نسخه Scout-App را دانلود کنید.",
  "ENVIRONMENT": "محیط",
  "EXIT": "خروج",
  "FILE": "فایل",
  "FILES": "فایل ها",
  "FOUND_SOME_PROJECTS": "پیدا شده است {{0}} پروژه",
  "FTUX_DRAG_DROP": "<h3>کشیدن و رها کردن</h3><h4>در هر نقطه به واردات پروژه</h4>",
  "HIDE": "پنهان کردن",
  "IMPORT_ADD_GROUP": "اضافه کردن گروه پروژه",
  "IMPORT_ADD_PROJECT": "اضافه کردن یکی دیگر از پروژه",
  "IMPORT_DRAG_DROP": "کشیدن و رها کردن",
  "IMPORT_HEADER": "{{0}} پروژه انتخاب شده",
  "IMPORT_INPUT": "ورودی (Sass)",
  "IMPORT_OUTPUT": "خروجی (CSS)",
  "IMPORT_PROJECTS": "پروژه های واردات",
  "IMPORT_PROJECT_NAME": "نام پروژه",
  "INPUT_FOLDER": "پوشه ورودی:",
  "LANGUAGE_CHOICE": "زبان:",
  "LANG_AR": "عربی (عربى)",
  "LANG_BG": "بلغاری (български)",
  "LANG_DA": "دانمارکی (Dansk)",
  "LANG_DE": "آلمانی (Deutsch)",
  "LANG_EN": "انگلیسی (English)",
  "LANG_ES": "اسپانیایی (Español)",
  "LANG_ES-AR": "اسپانیا آرژانتین (Español Argentina)",
  "LANG_FA": "فارسی",
  "LANG_FI": "فنلاندی (Suomen)",
  "LANG_FR": "فرانسوی (Français)",
  "LANG_HE": "عبری (עִברִית)",
  "LANG_HU": "مجارستانی (Magyar)",
  "LANG_ID": "اندونزیایی (Indonesia)",
  "LANG_IT": "ایتالیایی (Italiano)",
  "LANG_JA": "ژاپنی (日本語)",
  "LANG_MR": "مراتی (मराठी)",
  "LANG_NL": "هلندی (Nederlands)",
  "LANG_NO": "نروژی (Norsk)",
  "LANG_PL": "لهستانی (Polski)",
  "LANG_PT-BR": "پرتغالی برزیل (Português do Brasil)",
  "LANG_RK": "دهاتی آمریکا (Real America)",
  "LANG_RO": "رومانیایی (Română)",
  "LANG_RU": "روسی (русский)",
  "LANG_SQ": "آلبانیایی (Shqip)",
  "LANG_SV": "سوئدی (Svenska)",
  "LANG_TR": "ترکی (Türkçe)",
  "LANG_UK": "اوکراین (Українська)",
  "LANG_VI": "ویتنامی (Tiếng Việt)",
  "LANG_ZH-CHT": "چینی سنتی (中文)",
  "LANG_ZH-CN": "زبان چینی ساده شده (简体中文)",
  "LATEST_VERSION": "شما باید آخرین نسخه از پیشآهنگی برنامه.",
  "LINEFEED": "خط خوراک",
  "LINEFEED_CRLF": "CRLF",
  "LINEFEED_LF": "LF (به طور پیش فرض)",
  "LISTING_OF_PROJECTS": "لیست پروژه های",
  "MESSAGES_DESKTOP": "هشدار از طریق دسکتاپ",
  "MESSAGES_IN_APP": "در نرم افزار",
  "MESSAGES_SOUND": "پخش صدا",
  "MESSAGES_TITLE_ERROR": "پیغام خطا",
  "MESSAGES_TITLE_SUCCESS": "پیام های موفقیت",
  "MILLISECONDS_SHORT": "میلی ثانیه",
  "MISSING_DATA": "فقدان ورودی و یا پوشه خروجی.",
  "MULTIPROJECT_IMPORT": "واردات چند پروژه",
  "MULTI_IMPORT_BUTTON": "واردات {{0}} پروژه",
  "NEW_PROJECT": "پروژه جدید",
  "NOTIFICATIONS_CHOICE": "اطلاعیه",
  "NO_SASS_FILES": "پوشه ورودی این پروژه شامل هیچ فایل بی احترامی صحبت کردن است که می تواند پردازش شده است.",
  "OUTPUT_COMPACT": "جمع و جور",
  "OUTPUT_COMPRESSED": "فشرده",
  "OUTPUT_EXPANDED": "منبسط",
  "OUTPUT_FOLDER": "پوشه خروجی:",
  "OUTPUT_NESTED": "تو در تو",
  "OUTPUT_STYLE": "گزینه خروجی",
  "OUTPUT_WARNING": "خروجی نمی تواند مسابقه و یا یک زیر پوشه از ورودی.",
  "PREFERENCES": "تنظیمات",
  "PROCESSED_IN_DURATION": "پردازش در {{duration}}",
  "PRODUCTION": "تولید",
  "PROJECT_CONTROLS": "کنترل پروژه",
  "PROJECT_ICON": "نماد پروژه",
  "SCOUTAPP_LOGO": "لوگو پیشآهنگی برنامه",
  "SECONDS": "دومین",
  "SELECT_DESELECT_ALL": "انتخاب/عدم انتخاب همه",
  "SELECT_GROUP_FOLDER": "پوشه گروه را انتخاب کنید",
  "SELECT_PROJECT_FOLDER": "یک پوشه پروژه را انتخاب کنید",
  "SEND_TO_TRAY_ON_CLOSE": "ارسال به سینی در نزدیک",
  "SERVER_DOWN": "قادر به رسیدن به سرور به روز رسانی. بعدا دوباره تلاش کنید.",
  "SHOW": "نمایش",
  "START_MINIMIZED": "شروع به حداقل رساندن",
  "STATUS": "وضعیت",
  "STATUS_OF_ALL_PROJECTS": "وضعیت تمام پروژه",
  "STYLESHEET_CHOICE": "سبک:",
  "STYLESHEET_DIRECTORIES": "شیوه راهنماها",
  "TOGGLE_NAVIGATION": "کلید ناوبری",
  "TRANSLATED_BY": "ترجمه از:",
  "TRANSLATOR": "سروش سلطانی",
  "TRANSLATOR_MEME": ".",
  "TRANSLATOR_URL": "#",
  "UPDATE_FOUND": "به روز رسانی پیدا نشد!",
  "VERSION": "نسخهی",
  "VIEW": "چشم انداز",
  "WELCOME_MESSAGE": "به دیده بانی برنامه خوش آمدید!",
  "WINDOW_SETTING": "پنجره"
}
