{
  "ABOUT": "À propos",
  "ABOUT_CONTRIBUTORS": "Contributeurs de <a href='http://github.com/scout-app/scout-app' class='external-link'>Scout-App</a>:",
  "ABOUT_DEPENDENCIES": "<strong>Scout-App</strong> utilise <a class='external-link' href='https://github.com/sass/node-sass'>node-sass</a> <span class='nodeSassVersion'></span> et <a class='external-link' href='https://github.com/paulmillr/chokidar'>chokidar</a> <span class='chokidarVersion'></span>.",
  "ABOUT_DESCRIPTION": "<strong>Scout-App</strong> vous permet de traiter vos fichiers <code>.sass</code> et <code>.scss</code> en CSS sans avoir besoin de connaissances sur la ligne de commande.",
  "ABOUT_SCOUTAPP": "A propos de Scout-App",
  "ABOUT_VISIT_UPDATE": "Visitez le site Web de Scout-App pour vérifier les mises à jour:",
  "ADD_A_PROJECT": "Ajouter un projet",
  "ADD_GROUP_OF_PROJECTS": "Ajouter un groupe de projets",
  "ADD_PROJECT": "Ajouter un projet",
  "ALERT_TITLE": "<strong>{{time}}</strong> Erreur (0x0{{code}}) - Ligne: <strong>{{bugLine}}</ strong> Colonne: <strong>{{col}}</ strong >",
  "APPLICATION_TITLE": "Scout-App: L'interface graphique Sass",
  "ATOMIC_LABEL": "Atomic enregistre un retard",
  "ATOMIC_NOTE": "Si l'application Scout ne traite pas les fichiers en sauvegarde, ajustez ce paramètre et redémarrez votre projet.",
  "AUTOMATIC_UPDATES": "Vérifier les mises à jour au lancement",
  "BROWSE": "Naviguer",
  "CANCEL": "Annuler",
  "CAT_SCREAMING_NO": "Chat hurlant 'NON!'",
  "CHECK_FOR_UPDATES": "Vérifier les mises à jour",
  "CONFIRM_DELETE": "Êtes-vous sûr?",
  "DELETE": "Retirer",
  "DELETE_PROJECT": "Retirer le Project",
  "DEVELOPMENT": "Développement",
  "DEV_TOOLS": "Outils de Développement",
  "DOWNLOAD_UPDATE": "Téléchargez la dernière version de Scout-App.",
  "ENVIRONMENT": "Environnement",
  "EXIT": "Quitter",
  "FILE": "Fichier",
  "FILES": "Des dossiers",
  "FOUND_SOME_PROJECTS": "a trouvé {{0}} projets",
  "FTUX_DRAG_DROP": "<h3>Glisser-déposer</h3> <h4>n'importe où pour importer des projets</h4>",
  "HIDE": "Cacher",
  "IMPORT_ADD_GROUP": "Ajouter un Groupe de projets",
  "IMPORT_ADD_PROJECT": "Ajouter un autre projet",
  "IMPORT_DRAG_DROP": "Glisser déposer",
  "IMPORT_HEADER": "{{0}} Projets Sélectionnés",
  "IMPORT_INPUT": "Entrée (Sass)",
  "IMPORT_OUTPUT": "Sortie (CSS)",
  "IMPORT_PROJECTS": "Importer des Projets",
  "IMPORT_PROJECT_NAME": "Nom du Projet",
  "INPUT_FOLDER": "Dossier d'entrée:",
  "LANGUAGE_CHOICE": "Langue:",
  "LANG_AR": "Arabe (العربية)",
  "LANG_BG": "Bulgare (български)",
  "LANG_DA": "Danois (Dansk)",
  "LANG_DE": "Allemand (Deutsch)",
  "LANG_EN": "Anglais (English)",
  "LANG_ES": "Espagnol (Español)",
  "LANG_ES-AR": "Argentine Espagnole (Español Argentina)",
  "LANG_FA": "Persan (فارسی)",
  "LANG_FI": "Finlandais (Suomen)",
  "LANG_FR": "Français",
  "LANG_HE": "Hébreu (עִברִית)",
  "LANG_HU": "Hongrois (Magyar)",
  "LANG_ID": "Indonésien (Indonesia)",
  "LANG_IT": "Italien (Italiano)",
  "LANG_JA": "Japonais (日本語)",
  "LANG_MR": "Marathi (मराठी)",
  "LANG_NL": "Néerlandaise (Nederlands)",
  "LANG_NO": "Norvégien (Norsk)",
  "LANG_PL": "Polonais (Polski)",
  "LANG_PT-BR": "Portugais Brésilien (Português do Brasil)",
  "LANG_RK": "Rustre Américain (Redneck)",
  "LANG_RO": "Roumain (Română)",
  "LANG_RU": "Russe (русский)",
  "LANG_SQ": "Albanais (Shqip)",
  "LANG_SV": "Suédois (Svenska)",
  "LANG_TR": "Turc (Türkçe)",
  "LANG_UK": "Ukrainien (Українська)",
  "LANG_VI": "Vietnamien (Tiếng Việt)",
  "LANG_ZH-CHT": "Chinois Traditionnel (中文)",
  "LANG_ZH-CN": "Chinois Simplifié (简体中文)",
  "LATEST_VERSION": "Vous avez la dernière version de Scout-App.",
  "LINEFEED": "Saut de ligne",
  "LINEFEED_CRLF": "CRLF",
  "LINEFEED_LF": "LF (par défaut)",
  "LISTING_OF_PROJECTS": "Liste des projets",
  "MESSAGES_DESKTOP": "Notification de Bureau",
  "MESSAGES_IN_APP": "Dans l'application",
  "MESSAGES_SOUND": "Jouer un son",
  "MESSAGES_TITLE_ERROR": "Messages d'erreur",
  "MESSAGES_TITLE_SUCCESS": "Messages de succès",
  "MILLISECONDS_SHORT": "ms",
  "MISSING_DATA": "Entrée ou le dossier de sortie manquant.",
  "MULTIPROJECT_IMPORT": "Importation de Multi-Projet",
  "MULTI_IMPORT_BUTTON": "Importer {{0}} Projets",
  "NEW_PROJECT": "Nouveau Projet",
  "NOTIFICATIONS_CHOICE": "Notifications",
  "NO_SASS_FILES": "Le dossier d'entrée de ce projet ne contient aucun fichier Sass pouvant être traité.",
  "OUTPUT_COMPACT": "Compact",
  "OUTPUT_COMPRESSED": "Compressé",
  "OUTPUT_EXPANDED": "Étendu",
  "OUTPUT_FOLDER": "Dossier de Sortie:",
  "OUTPUT_NESTED": "Imbriqué",
  "OUTPUT_STYLE": "Style de Sortie",
  "OUTPUT_WARNING": "La sortie peut ne pas correspondre ou être un sous-dossier de l'entrée.",
  "PREFERENCES": "Préférences",
  "PROCESSED_IN_DURATION": "Transformé en {{duration}}",
  "PRODUCTION": "Production",
  "PROJECT_CONTROLS": "Contrôle de Projets",
  "PROJECT_ICON": "Icône du Projet",
  "SCOUTAPP_LOGO": "Scout-App Logo",
  "SECONDS": "secondes",
  "SELECT_DESELECT_ALL": "Sélectionner/Désélectionner tout",
  "SELECT_GROUP_FOLDER": "sélectionnez le groupe de projets",
  "SELECT_PROJECT_FOLDER": "sélectionnez un dossier comme projet",
  "SEND_TO_TRAY_ON_CLOSE": "Envoyer au plateau à la fin",
  "SERVER_DOWN": "Impossible d'accéder au serveur de mise à jour. Réessayez plus tard.",
  "SHOW": "Montrer",
  "START_MINIMIZED": "Démarrer minimisé",
  "STATUS": "Statut",
  "STATUS_OF_ALL_PROJECTS": "Statut de tous les projets",
  "STYLESHEET_CHOICE": "Style Visuel:",
  "STYLESHEET_DIRECTORIES": "Répertoires des Feuilles de Style",
  "TOGGLE_NAVIGATION": "Basculer la Navigation",
  "TRANSLATED_BY": "Traduit par:",
  "TRANSLATOR": "Stephan Raab, Arthur",
  "TRANSLATOR_MEME": "Daft Punk, avec leur chanson 'Harder, Better, Faster, SASSer'.",
  "TRANSLATOR_URL": "https://github.com/StephanRaab, http://github.com/AnotherJavaCoder",
  "UPDATE_FOUND": "Mise à jour trouvée!",
  "VERSION": "Version",
  "VIEW": "Vue",
  "WELCOME_MESSAGE": "Bienvenue dans Scout-App!",
  "WINDOW_SETTING": "Fenêtre"
}
