{
  "ABOUT": "אודות",
  "ABOUT_CONTRIBUTORS": "תומכיי <a href='http://github.com/scout-app/scout-app' class='external-link'>Scout-App</a>:",
  "ABOUT_DEPENDENCIES": "<strong>Scout-App</strong> משתמש ב-<a class='external-link' href='https://github.com/sass/node-sass'>node-sass</a> <span class='nodeSassVersion'></span> וב-<a class='external-link' href='https://github.com/paulmillr/chokidar'>chokidar</a> <span class='chokidarVersion'></span>.",
  "ABOUT_DESCRIPTION": "<strong>Scout-App</strong> מאפשר לך לעבד את קבצי ה-<code>.sass</code> ו-<code>.scss</code> שלך ל-CSS ללא כל ידע בהרצת פקודות.",
  "ABOUT_SCOUTAPP": "אודות Scout-App",
  "ABOUT_VISIT_UPDATE": "בקר באתר של Scout-App כדי לחפש עדכונים:",
  "ADD_A_PROJECT": "הוסף פרוייקט",
  "ADD_GROUP_OF_PROJECTS": "הוסף קבוצת פרוייקטים",
  "ADD_PROJECT": "הוסף פרוייקט",
  "ALERT_TITLE": "<strong>{{time}}</strong> שגיאה (0x0{{code}}) - שורה: <strong>{{bugLine}}</strong> עמודה: <strong>{{col}}</strong>",
  "APPLICATION_TITLE": "Scout-App: הממשק של Sass",
  "ATOMIC_LABEL": "זמן שמירה אטומית",
  "ATOMIC_NOTE": "אם Scout-App אינו מעבד קבצים לאחר שמירה, כוונן הגדרה זו והפעל מחדש את הפרוייקט.",
  "AUTOMATIC_UPDATES": "חפש עדכונים בעליה",
  "BROWSE": "סייר",
  "CANCEL": "בטל",
  "CAT_SCREAMING_NO": "חתול צועק 'לא!'",
  "CHECK_FOR_UPDATES": "חפש עדכונים",
  "CONFIRM_DELETE": "האם את\\ה בטוח\\ה?",
  "DELETE": "מחק",
  "DELETE_PROJECT": "מחק פרוייקט",
  "DEVELOPMENT": "פיתוח",
  "DEV_TOOLS": "כלי מפתחים",
  "DOWNLOAD_UPDATE": "הורד את הגרסה העדכנית ביותר של Scout-App.",
  "ENVIRONMENT": "סביבה",
  "EXIT": "סגור",
  "FILE": "קובץ",
  "FILES": "קבצים",
  "FOUND_SOME_PROJECTS": "נמצאו {{0}} פרוייקטים",
  "FTUX_DRAG_DROP": "<h3>גרור ושחרר</h3> <h4>בכל נקודה בשביל לייבא פרוייקטים</h4>",
  "HIDE": "הסתר",
  "IMPORT_ADD_GROUP": "הוסף קבוצת פרוייקטים",
  "IMPORT_ADD_PROJECT": "הוסף פרוייקט נוסף",
  "IMPORT_DRAG_DROP": "גרור ושחרר",
  "IMPORT_HEADER": "{{0}} פרוייקטים מסומנים",
  "IMPORT_INPUT": "קלט (Sass)",
  "IMPORT_OUTPUT": "פלט (CSS)",
  "IMPORT_PROJECTS": "ייבא פרוייקטים",
  "IMPORT_PROJECT_NAME": "שם הפרוייקט",
  "INPUT_FOLDER": "תקיית קלט",
  "LANGUAGE_CHOICE": "שפה:",
  "LANG_AR": "ערבית (عربى)",
  "LANG_BG": "בולגרית (български)",
  "LANG_DA": "דנית (Dansk)",
  "LANG_DE": "גרמנית (Deutsch)",
  "LANG_EN": "אנגלית (English)",
  "LANG_ES": "ספרדית (Español)",
  "LANG_ES-AR": "ספרדית ארגנטינאית (Español Argentina)",
  "LANG_FA": "פרסית (فارسی)",
  "LANG_FI": "פִינִית (Suomen)",
  "LANG_FR": "צרפתית (Français)",
  "LANG_HE": "עִברִית",
  "LANG_HU": "הונגרית (Magyar)",
  "LANG_ID": "אינדונזית (Indonesia)",
  "LANG_IT": "איטלקית (Italiano)",
  "LANG_JA": "יפנית (日本語)",
  "LANG_MR": "מאראתי (मराठी)",
  "LANG_NL": "הולנדית (Nederlands)",
  "LANG_NO": "נורווגית (Norsk)",
  "LANG_PL": "פולנית (Polski)",
  "LANG_PT-BR": "פורטוגזית ברזילאית (Português do Brasil)",
  "LANG_RK": "אנגלית אמריקאית (Real America)",
  "LANG_RO": "רומנית (Română)",
  "LANG_RU": "רוסית (русский)",
  "LANG_SQ": "אלבנית (Shqip)",
  "LANG_SV": "שוודית (Svenska)",
  "LANG_TR": "טורקי (Türkçe)",
  "LANG_UK": "אוקראינית (Українська)",
  "LANG_VI": "ויאטנמית (Tiếng Việt)",
  "LANG_ZH-CHT": "סינית מסורתית (中文)",
  "LANG_ZH-CN": "סינית מופשטת (简体中文)",
  "LATEST_VERSION": "הגרסה העדכנית ביותר של Scout-App מותקנת.",
  "LINEFEED": "סיומת שורה",
  "LINEFEED_CRLF": "CRLF",
  "LINEFEED_LF": "LF (ברירת מחדל)",
  "LISTING_OF_PROJECTS": "רשימת פרוייקטים",
  "MESSAGES_DESKTOP": "עדכונים בשולחן העבודה",
  "MESSAGES_IN_APP": "באפליקציה",
  "MESSAGES_SOUND": "נגן צליל",
  "MESSAGES_TITLE_ERROR": "הודעות שגיאה",
  "MESSAGES_TITLE_SUCCESS": "הודעות הצלחה",
  "MILLISECONDS_SHORT": "ms",
  "MISSING_DATA": "תיקיית הקלט או הפלט לא נמצאה",
  "MULTIPROJECT_IMPORT": "ייבוא מספר פרוייקטים",
  "MULTI_IMPORT_BUTTON": "ייבא {{0}} פרוייקטים",
  "NEW_PROJECT": "פרוייקט חדש",
  "NOTIFICATIONS_CHOICE": "התראות",
  "NO_SASS_FILES": "בתיקיית הקלט של הפרוייקט הזה לא קיימים קבצי Sass שניתן לעבד.",
  "OUTPUT_COMPACT": "קומפקטיות",
  "OUTPUT_COMPRESSED": "דחיסה",
  "OUTPUT_EXPANDED": "הרחבה",
  "OUTPUT_FOLDER": "תיקיית פלט:",
  "OUTPUT_NESTED": "קינון",
  "OUTPUT_STYLE": "סגנון פלט",
  "OUTPUT_WARNING": "תיקיית הפלט אינה יכולה להיות תיקיית הקלט או תיקייה תחתיה.",
  "PREFERENCES": "העדפות",
  "PROCESSED_IN_DURATION": "העיבוד לקח {{duration}}",
  "PRODUCTION": "מבצעי",
  "PROJECT_CONTROLS": "כפתוריי פרוייקט",
  "PROJECT_ICON": "סמל הפרוייקט",
  "SCOUTAPP_LOGO": "לוגו של Scout-App",
  "SECONDS": "שניות",
  "SELECT_DESELECT_ALL": "בחר הכל\\בטל את כל הבחירה",
  "SELECT_GROUP_FOLDER": "בחר את תיקיית הקבוצה",
  "SELECT_PROJECT_FOLDER": "בחר את תיקיית הפרוייקט",
  "SEND_TO_TRAY_ON_CLOSE": "שלח למגש המערכת בעת סגירה",
  "SERVER_DOWN": "לא ניתן לגשת לשרת העדכונים. נסה שוב מאוחר יותר.",
  "SHOW": "הצג",
  "START_MINIMIZED": "התחל ממוזער",
  "STATUS": "מצב",
  "STATUS_OF_ALL_PROJECTS": "מצב כל הפרוייקטים",
  "STYLESHEET_CHOICE": "ערכת נושא:",
  "STYLESHEET_DIRECTORIES": "תיקיות דפי העיצוב",
  "TOGGLE_NAVIGATION": "החלף מצב ניווט",
  "TRANSLATED_BY": "תורגם על ידי:",
  "TRANSLATOR": "Shai Shapira",
  "TRANSLATOR_MEME": "CSS אלך, גם תפילה אין לי, CSS בלי עתיד בלי תקווה בלי חלום.",
  "TRANSLATOR_URL": "https://github.com/Wootness",
  "UPDATE_FOUND": "נמצא עדכון!",
  "VERSION": "גרסה",
  "VIEW": "תצוגה",
  "WELCOME_MESSAGE": "ברוך הבא ל-Scout-App!",
  "WINDOW_SETTING": "חלון"
}
