{
  "ABOUT": "このアプリについて",
  "ABOUT_CONTRIBUTORS": "<a href='http://github.com/scout-app/scout-app' class='external-link'>Scout-App</a>への貢献者:",
  "ABOUT_DEPENDENCIES": "<strong>Scout-App</strong> は、 <a class='external-link' href='https://github.com/sass/node-sass'>node-sass</a> <span class='nodeSassVersion'></span> と <a class='external-link' href='https://github.com/paulmillr/chokidar'>chokidar</a> <span class='chokidarVersion'></span> を利用しています。",
  "ABOUT_DESCRIPTION": "<strong>Scout-App</strong> を使えば、コマンドラインの知識が全く無くても、<code>.sass</code> と <code>.scss</code> ファイルを CSS  に変換できます。",
  "ABOUT_SCOUTAPP": "Scout-App について",
  "ABOUT_VISIT_UPDATE": "Scout-App のウェブサイトでアップデートを確認:",
  "ADD_A_PROJECT": "プロジェクトを追加",
  "ADD_GROUP_OF_PROJECTS": "プロジェクトのグループを追加",
  "ADD_PROJECT": "プロジェクトを追加",
  "ALERT_TITLE": "<strong>{{time}}</strong> 件のエラー (0x0{{code}}) - <strong>{{bugLine}}</strong> 行目, <strong>{{col}}</strong> 列目",
  "APPLICATION_TITLE": "Scout-App: The Sass GUI",
  "ATOMIC_LABEL": "少し待ってまとめて変換",
  "ATOMIC_NOTE": "ファイルを保存しても Scout-App が変換しない場合、この設定を調整して、プロジェクトをスタートしなおしてください。",
  "AUTOMATIC_UPDATES": "起動時のアップデートを確認する",
  "BROWSE": "ブラウズ",
  "CANCEL": "キャンセル",
  "CAT_SCREAMING_NO": "ニョー(No)！と叫ぶ猫",
  "CHECK_FOR_UPDATES": "アップデートを確認",
  "CONFIRM_DELETE": "よろしいですか？",
  "DELETE": "削除する",
  "DELETE_PROJECT": "プロジェクトを削除する",
  "DEVELOPMENT": "開発環境用",
  "DEV_TOOLS": "開発ツール",
  "DOWNLOAD_UPDATE": "Scout-Appの最新バージョンをダウンロードしてください。",
  "ENVIRONMENT": "出力設定",
  "EXIT": "終了",
  "FILE": "ファイル",
  "FILES": "ファイル",
  "FOUND_SOME_PROJECTS": "{{0}} 件のプロジェクトが見つかりました",
  "FTUX_DRAG_DROP": "<h3>ドラッグ & ドロップで...</h3> <h4>複数のプロジェクトをインポート</h4>",
  "HIDE": "隠す",
  "IMPORT_ADD_GROUP": "プロジェクトのグループを追加",
  "IMPORT_ADD_PROJECT": "プロジェクトをさらに追加",
  "IMPORT_DRAG_DROP": "ドラッグ & ドロップ",
  "IMPORT_HEADER": "{{0}} 件のプロジェクトを選択中",
  "IMPORT_INPUT": "入力 (Sass)",
  "IMPORT_OUTPUT": "出力 (CSS)",
  "IMPORT_PROJECTS": "複数プロジェクトをインポート",
  "IMPORT_PROJECT_NAME": "プロジェクト名",
  "INPUT_FOLDER": "入力フォルダ:",
  "LANGUAGE_CHOICE": "言語:",
  "LANG_AR": "アラビア語 (عربى)",
  "LANG_BG": "ブルガリア語 (български)",
  "LANG_DA": "デンマーク語 (Dansk)",
  "LANG_DE": "ドイツ語 (Deutsch)",
  "LANG_EN": "英語 (English)",
  "LANG_ES": "スペイン語 (Español)",
  "LANG_ES-AR": "リオプラテンセ・スペイン語 (Español Argentina)",
  "LANG_FA": "ペルシャ語 (فارسی)",
  "LANG_FI": "フィンランド語 (Suomen)",
  "LANG_FR": "フランス語 (Français)",
  "LANG_HE": "ヘブライ語 (עִברִית)",
  "LANG_HU": "ハンガリー語 (Magyar)",
  "LANG_ID": "インドネシア語 (Indonesia)",
  "LANG_IT": "イタリア語 (Italiano)",
  "LANG_JA": "日本語",
  "LANG_MR": "マラティ (मराठी)",
  "LANG_NL": "オランダ語 (Nederlands)",
  "LANG_NO": "ノルウェー語 (Norsk)",
  "LANG_PL": "ポーランド語 (Polski)",
  "LANG_PT-BR": "ブラジル語 (Português do Brasil)",
  "LANG_RK": "米語スラング (Real America)",
  "LANG_RO": "ルーマニア語 (Română)",
  "LANG_RU": "ロシア語 (русский)",
  "LANG_SQ": "アルバニア語 (Shqip)",
  "LANG_SV": "スウェーデンの (Svenska)",
  "LANG_TR": "トルコ語 (Türkçe)",
  "LANG_UK": "ウクライナ語（Українська）",
  "LANG_VI": "ベトナム語 (Tiếng Việt)",
  "LANG_ZH-CHT": "中国繁体語 (中文)",
  "LANG_ZH-CN": "中国簡体語 (简体中文)",
  "LATEST_VERSION": "最新版の Scout-App を利用しています。",
  "LINEFEED": "改行",
  "LINEFEED_CRLF": "CRLF",
  "LINEFEED_LF": "LF (デフォルト)",
  "LISTING_OF_PROJECTS": "プロジェクト一覧",
  "MESSAGES_DESKTOP": "デスクトップ通知",
  "MESSAGES_IN_APP": "アプリ内",
  "MESSAGES_SOUND": "効果音",
  "MESSAGES_TITLE_ERROR": "エラーメッセージ",
  "MESSAGES_TITLE_SUCCESS": "成功メッセージ",
  "MILLISECONDS_SHORT": "ミリ秒",
  "MISSING_DATA": "入力または出力フォルダがありません。",
  "MULTIPROJECT_IMPORT": "複数プロジェクトをインポート",
  "MULTI_IMPORT_BUTTON": "{{0}} 件のプロジェクトをインポート",
  "NEW_PROJECT": "新規プロジェクト",
  "NOTIFICATIONS_CHOICE": "通知",
  "NO_SASS_FILES": "このプロジェクトの入力フォルダには、変換できる Sass ファイルがありません。",
  "OUTPUT_COMPACT": "compact",
  "OUTPUT_COMPRESSED": "compressed",
  "OUTPUT_EXPANDED": "expanded",
  "OUTPUT_FOLDER": "出力フォルダ:",
  "OUTPUT_NESTED": "nested",
  "OUTPUT_STYLE": "出力スタイル",
  "OUTPUT_WARNING": "入力フォルダまたはそのサブフォルダに出力することはできません。",
  "PREFERENCES": "環境設定",
  "PROCESSED_IN_DURATION": "{{duration}} で処理されました",
  "PRODUCTION": "本番環境用",
  "PROJECT_CONTROLS": "プロジェクトの管理",
  "PROJECT_ICON": "プロジェクトアイコン",
  "SCOUTAPP_LOGO": "Scout-App ロゴ",
  "SECONDS": "秒",
  "SELECT_DESELECT_ALL": "すべて選択/解除",
  "SELECT_GROUP_FOLDER": "グループフォルダを選択",
  "SELECT_PROJECT_FOLDER": "プロジェクトフォルダを選択",
  "SEND_TO_TRAY_ON_CLOSE": "閉じたら最小化する",
  "SERVER_DOWN": "アップデートサーバーに接続できません。またあとで、お試しください。",
  "SHOW": "表示",
  "START_MINIMIZED": "起動時に最小化",
  "STATUS": "ステータス",
  "STATUS_OF_ALL_PROJECTS": "全プロジェクトのステータス",
  "STYLESHEET_CHOICE": "テーマ:",
  "STYLESHEET_DIRECTORIES": "スタイルシートディレクトリ",
  "TOGGLE_NAVIGATION": "ナビゲーションを切り替える",
  "TRANSLATED_BY": "翻訳者:",
  "TRANSLATOR": "Taiji Baba (tonextone)",
  "TRANSLATOR_MEME": "I don't want to sell anything, buy anything,\n or process anything as a career.\n\nI don't want to sell anything bought or processed,\n or buy anything sold or processed,\n or process anything sold, bought, or processed,\n or repair anything sold, bought, or processed.\n\nYou know, as a career,\n I don't want to do that.",
  "TRANSLATOR_URL": "https://www.facebook.com/foofoobarbar",
  "UPDATE_FOUND": "アップデートが見つかりました！",
  "VERSION": "バージョン",
  "VIEW": "表示",
  "WELCOME_MESSAGE": "Scout-App へようこそ！",
  "WINDOW_SETTING": "ウィンドウ"
}
