{
  "ABOUT": "Over",
  "ABOUT_CONTRIBUTORS": "Bijdragers van de <a href='http://github.com/scout-app/scout-app' class='external-link'>Scout-App</a>:",
  "ABOUT_DEPENDENCIES": "<strong>Scout-App</strong> gebruikt <a class='external-link' href='https://github.com/sass/node-sass'>node-sass</a> <span class='nodeSassVersion'></span> en <a class='external-link' href='https://github.com/paulmillr/chokidar'>chokidar</a> <span class='chokidarVersion'></span>",
  "ABOUT_DESCRIPTION": "<strong>Scout-App</strong> laat je <code>.sass</code> en <code>.scss</code> bestanden verwerken zonder enige kennis van de command line.",
  "ABOUT_SCOUTAPP": "Over Scout-App",
  "ABOUT_VISIT_UPDATE": "Bezoek de Scout-App website voor updates",
  "ADD_A_PROJECT": "Voeg een Project Toe",
  "ADD_GROUP_OF_PROJECTS": "Voeg een verzameling projecten toe",
  "ADD_PROJECT": "Project toevoegen",
  "ALERT_TITLE": "<strong>{{time}}</strong> Fout (0x0{{code}}) - Regel: <strong>{{bugLine}}</strong> Kol: <strong>{{col}}</strong>",
  "APPLICATION_TITLE": "Scout-App: Het gebruikersinterface voor Sass",
  "ATOMIC_LABEL": "Atoom bespaart vertraging",
  "ATOMIC_NOTE": "Als de Scout-App bestanden niet opslaan opslaan, past u deze instelling aan en start u het project opnieuw op.",
  "AUTOMATIC_UPDATES": "Controleer op updates bij het opstarten",
  "BROWSE": "Bladeren",
  "CANCEL": "Annuleren",
  "CAT_SCREAMING_NO": "Kat die 'NEEEEE!'  schreeuwt",
  "CHECK_FOR_UPDATES": "op updates controleren",
  "CONFIRM_DELETE": "Weet je het zeker?",
  "DELETE": "Verwijder",
  "DELETE_PROJECT": "Verwijder Project",
  "DEVELOPMENT": "Ontwikkeling",
  "DEV_TOOLS": "Ontwikkelaarstools",
  "DOWNLOAD_UPDATE": "Download de nieuwste versie van Scout-App.",
  "ENVIRONMENT": "Omgeving",
  "EXIT": "Afsluiten",
  "FILE": "Bestand",
  "FILES": "Bestanden",
  "FOUND_SOME_PROJECTS": "{{0}} projecten gevonden",
  "FTUX_DRAG_DROP": "<h3>Sleep hier je Sass project</h3> <h4>om deze te importeren.</h4>",
  "HIDE": "Verbergen",
  "IMPORT_ADD_GROUP": "Importeer een verzameling projecten",
  "IMPORT_ADD_PROJECT": "Voeg nog een project toe",
  "IMPORT_DRAG_DROP": "Sleep hier naartoe",
  "IMPORT_HEADER": "{{0}} Geselecteerde Projecten",
  "IMPORT_INPUT": "Invoer (Sass)",
  "IMPORT_OUTPUT": "Uitvoer (CSS)",
  "IMPORT_PROJECTS": "Importeer Projecten",
  "IMPORT_PROJECT_NAME": "Project Naam",
  "INPUT_FOLDER": "Invoermap",
  "LANGUAGE_CHOICE": "Taal:",
  "LANG_AR": "Arabisch (العربية)",
  "LANG_BG": "Bulgaars (български)",
  "LANG_DA": "Deens (Dansk)",
  "LANG_DE": "Duits (Deutsch)",
  "LANG_EN": "Engels (English)",
  "LANG_ES": "Spaans (Español)",
  "LANG_ES-AR": "Spaans Argentinië (Español Argentina)",
  "LANG_FA": "Perzisch (فارسی)",
  "LANG_FI": "Fins (Suomen)",
  "LANG_FR": "Frans (Français)",
  "LANG_HE": "Hebreeuws (עִברִית)",
  "LANG_HU": "Hongaars (Magyar)",
  "LANG_ID": "Indonesisch (Indonesia)",
  "LANG_IT": "Italiaans (Italiano)",
  "LANG_JA": "Japans (日本語)",
  "LANG_MR": "Marathi (मराठी)",
  "LANG_NL": "Nederlands",
  "LANG_NO": "Noors (Norsk)",
  "LANG_PL": "Pools (Polski)",
  "LANG_PT-BR": "Braziliaans Portugees (Português do Brasil)",
  "LANG_RK": "Amerikaanse Boerenpummel (Redneck)",
  "LANG_RO": "Roemeense (Română)",
  "LANG_RU": "Russisch (русский)",
  "LANG_SQ": "Albanees (Shqip)",
  "LANG_SV": "Zweeds (Svenska)",
  "LANG_TR": "Turkse (Türkçe)",
  "LANG_UK": "Oekraïens (Українська)",
  "LANG_VI": "Vietnamees (Tiếng Việt)",
  "LANG_ZH-CHT": "Chinees - Traditioneel (中文)",
  "LANG_ZH-CN": "Versimpeld Chinees (简体中文)",
  "LATEST_VERSION": "Je hebt de nieuwste versie van de Scout-App",
  "LINEFEED": "Linefeed",
  "LINEFEED_CRLF": "CRLF",
  "LINEFEED_LF": "LF (standaard)",
  "LISTING_OF_PROJECTS": "Project Lijst",
  "MESSAGES_DESKTOP": "Bureaublad Meldingen",
  "MESSAGES_IN_APP": "In App",
  "MESSAGES_SOUND": "Geluid afspelen",
  "MESSAGES_TITLE_ERROR": "Foutmeldingen",
  "MESSAGES_TITLE_SUCCESS": "Succes Berichten",
  "MILLISECONDS_SHORT": "ms",
  "MISSING_DATA": "Je mist een invoermap of een uitvoermap",
  "MULTIPROJECT_IMPORT": "Importeer meerdere projecten",
  "MULTI_IMPORT_BUTTON": "Importeer {{0}} Projecten",
  "NEW_PROJECT": "Nieuw Project",
  "NOTIFICATIONS_CHOICE": "Meldingen",
  "NO_SASS_FILES": "De invoermap van dit project bevat geen Sass bestanden die verwerkt kunnen worden.",
  "OUTPUT_COMPACT": "Compact",
  "OUTPUT_COMPRESSED": "Gecomprimeerd",
  "OUTPUT_EXPANDED": "Uitgebreid",
  "OUTPUT_FOLDER": "Uitvoermap",
  "OUTPUT_NESTED": "Genesteld",
  "OUTPUT_STYLE": "Uitvoer Stijl",
  "OUTPUT_WARNING": "Uitvoermap kan niet hetzelfde zijn of een submap zijn van de invoermap",
  "PREFERENCES": "Instellingen",
  "PROCESSED_IN_DURATION": "Verwerkt binnen {{duration}}",
  "PRODUCTION": "Productie",
  "PROJECT_CONTROLS": "Project besturing",
  "PROJECT_ICON": "Project Icoon",
  "SCOUTAPP_LOGO": "Scout-App Logo",
  "SECONDS": "Seconden",
  "SELECT_DESELECT_ALL": "Selecteer/Deselecteer alles",
  "SELECT_GROUP_FOLDER": "Een verzameling van projecten toevoegen",
  "SELECT_PROJECT_FOLDER": "selecteer een project map",
  "SEND_TO_TRAY_ON_CLOSE": "Verzenden naar lade bij sluiten",
  "SERVER_DOWN": "Niet in staat om de update server te berijken. Probeer het later nogmaals.",
  "SHOW": "Weergeven",
  "START_MINIMIZED": "Begin klein",
  "STATUS": "Status",
  "STATUS_OF_ALL_PROJECTS": "Status van alle projecten",
  "STYLESHEET_CHOICE": "Thema/Stijl",
  "STYLESHEET_DIRECTORIES": "Mappen met Stylesheets",
  "TOGGLE_NAVIGATION": "Open/Sluit Navigatie",
  "TRANSLATED_BY": "Vertaald door:",
  "TRANSLATOR": "Stephan Raab",
  "TRANSLATOR_MEME": "Denk je dat mijn Sass bestand te groot is? ...dat is letterlijk een walvis",
  "TRANSLATOR_URL": "https://github.com/StephanRaab",
  "UPDATE_FOUND": "Update Gevonden!",
  "VERSION": "Versie",
  "VIEW": "Weergave",
  "WELCOME_MESSAGE": "Welkom bij de Scout-App!",
  "WINDOW_SETTING": "Venster"
}
