{
  "ABOUT": "Om",
  "ABOUT_CONTRIBUTORS": "Bidragsytere til <a href='http://github.com/scout-app/scout-app' class='external-link'>Scout-App</a>:",
  "ABOUT_DEPENDENCIES": "<strong>Scout-App</strong> bruker <a class='external-link' href='https://github.com/sass/node-sass'>node-sass</a> <span class='nodeSassVersion'></span> og <a class='external-link' href='https://github.com/paulmillr/chokidar'>chokidar</a> <span class='chokidarVersion'></span>.",
  "ABOUT_DESCRIPTION": "<strong>Scout-App</strong> lar deg prossesere <code>.sass</code> og <code>.scss</code> filer til CSS uten å måtte kunne bruke kommandolinjen.",
  "ABOUT_SCOUTAPP": "Om Scout-App",
  "ABOUT_VISIT_UPDATE": "Besøk Scout-Apps webside for å se etter oppdateringer:",
  "ADD_A_PROJECT": "Legg til et prosjekt",
  "ADD_GROUP_OF_PROJECTS": "Legg til en gruppe av prosjekter",
  "ADD_PROJECT": "Legg til prosjekt",
  "ALERT_TITLE": "<strong>{{time}}</strong> Error (0x0{{code}}) - Line: <strong>{{bugLine}}</strong> Col: <strong>{{col}}</strong>",
  "APPLICATION_TITLE": "Scout-App: Grafisk grensesnitt for Sass",
  "ATOMIC_LABEL": "Atomisk sparer forsinkelse",
  "ATOMIC_NOTE": "Hvis Scout-App ikke behandler filer under lagre, juster du denne innstillingen og starter prosjektet på nytt.",
  "AUTOMATIC_UPDATES": "Se etter oppdateringer om lansering",
  "BROWSE": "Bla gjennom",
  "CANCEL": "Avbryt",
  "CAT_SCREAMING_NO": "Katt som skriker 'NEI'!",
  "CHECK_FOR_UPDATES": "Se etter oppdateringer",
  "CONFIRM_DELETE": "Er du sikker?",
  "DELETE": "Fjern",
  "DELETE_PROJECT": "Fjern prosjekt",
  "DEVELOPMENT": "Utvikling",
  "DEV_TOOLS": "Utviklerverktøy",
  "DOWNLOAD_UPDATE": "Last ned den nyeste versjonen av Scout-App.",
  "ENVIRONMENT": "Miljø",
  "EXIT": "Gå ut",
  "FILE": "Fil",
  "FILES": "Filer",
  "FOUND_SOME_PROJECTS": "fant {{0}} prosjekter",
  "FTUX_DRAG_DROP": "<h3>Dra og slipp</h3><h4>hvor som helst for å importere prosjekter</h4>",
  "HIDE": "Skjul",
  "IMPORT_ADD_GROUP": "Legg til gruppe av prosjekter",
  "IMPORT_ADD_PROJECT": "Legg til enda et prosjekt",
  "IMPORT_DRAG_DROP": "Dra og slipp",
  "IMPORT_HEADER": "{{0}} valgte prosjekter",
  "IMPORT_INPUT": "Input (Sass)",
  "IMPORT_OUTPUT": "Output (Sass)",
  "IMPORT_PROJECTS": "Importer prosjekter",
  "IMPORT_PROJECT_NAME": "Prosjektnavn",
  "INPUT_FOLDER": "Mappe for input:",
  "LANGUAGE_CHOICE": "Språk:",
  "LANG_AR": "Arabisk (عربى)",
  "LANG_BG": "Bulgarsk (български)",
  "LANG_DA": "Dansk (Dansk)",
  "LANG_DE": "Tysk (Deutsch)",
  "LANG_EN": "Engelsk (English)",
  "LANG_ES": "Spansk (Español)",
  "LANG_ES-AR": "Spansk Argentina (Español Argentina)",
  "LANG_FA": "Persisk (فارسی)",
  "LANG_FI": "Finsk (Suomen)",
  "LANG_FR": "Fransk (Français)",
  "LANG_HE": "Hebraisk (עִברִית)",
  "LANG_HU": "Ungarsk (Magyar)",
  "LANG_ID": "Indonesian (Indonesia)",
  "LANG_IT": "Italiensk (Italiano)",
  "LANG_JA": "Japansk (日本語)",
  "LANG_MR": "Marathi (मराठी)",
  "LANG_NL": "Nederlandsk (Nederlands)",
  "LANG_NO": "Norsk",
  "LANG_PL": "Polsk (Polski)",
  "LANG_PT-BR": "Portugusisk Brasil (Portugûes do Brasil)",
  "LANG_RK": "Redneck (Real America)",
  "LANG_RO": "Rumensk (Română)",
  "LANG_RU": "Russisk (русский)",
  "LANG_SQ": "Albansk (Shqip)",
  "LANG_SV": "Svensk (Svenska)",
  "LANG_TR": "Tyrkisk (Türkçe)",
  "LANG_UK": "Ukrainsk (Українська)",
  "LANG_VI": "Vietnamesisk (Tiếng Việt)",
  "LANG_ZH-CHT": "Kinesisk tradisjonell (中文)",
  "LANG_ZH-CN": "Kinesisk forenklet (简体中文)",
  "LATEST_VERSION": "Du har den nyeste versjonen av Scout-App.",
  "LINEFEED": "Linjeskift",
  "LINEFEED_CRLF": "CRLF",
  "LINEFEED_LF": "LF (standard)",
  "LISTING_OF_PROJECTS": "Prosjektliste",
  "MESSAGES_DESKTOP": "Skrivebordsmeldinger",
  "MESSAGES_IN_APP": "I Appen",
  "MESSAGES_SOUND": "Spill av lyd",
  "MESSAGES_TITLE_ERROR": "Feilmeldinger",
  "MESSAGES_TITLE_SUCCESS": "Vellykket-meldinger",
  "MILLISECONDS_SHORT": "ms",
  "MISSING_DATA": "Mangler mappe for input eller output.",
  "MULTIPROJECT_IMPORT": "Flerprosjektimportering",
  "MULTI_IMPORT_BUTTON": "Importer {{0}} prosjekter",
  "NEW_PROJECT": "Nytt prosjekt",
  "NOTIFICATIONS_CHOICE": "Meldinger",
  "NO_SASS_FILES": "Dette prosjektets inputmappe inneholder ingen Sass-filer og kan ikke bli prosessert.",
  "OUTPUT_COMPACT": "Kompakt",
  "OUTPUT_COMPRESSED": "Komprimert",
  "OUTPUT_EXPANDED": "Utvidet",
  "OUTPUT_FOLDER": "Output-mappe:",
  "OUTPUT_NESTED": "Nestet",
  "OUTPUT_STYLE": "Stil for output",
  "OUTPUT_WARNING": "Output kan ikke være lik eller være en undermappe av input",
  "PREFERENCES": "Innstillinger",
  "PROCESSED_IN_DURATION": "Prosessert på {{0}}",
  "PRODUCTION": "Produksjon",
  "PROJECT_CONTROLS": "Prosjektkontrollere",
  "PROJECT_ICON": "Prosjektikon",
  "SCOUTAPP_LOGO": "Scout-App logo",
  "SECONDS": "sekunder",
  "SELECT_DESELECT_ALL": "Velg/Avvelg alle",
  "SELECT_GROUP_FOLDER": "Velg gruppemappe",
  "SELECT_PROJECT_FOLDER": "Velg prosjektmappe",
  "SEND_TO_TRAY_ON_CLOSE": "Send til brett på nært hold",
  "SERVER_DOWN": "Kunne ikke nå serveren. Vennligst prøv igjen senere.",
  "SHOW": "Vis",
  "START_MINIMIZED": "Start minimert",
  "STATUS": "Status",
  "STATUS_OF_ALL_PROJECTS": "Status for alle prosjekter",
  "STYLESHEET_CHOICE": "Tema:",
  "STYLESHEET_DIRECTORIES": "Stilarkmappe",
  "TOGGLE_NAVIGATION": "Vis/skjul navigasjon",
  "TRANSLATED_BY": "Oversatt av",
  "TRANSLATOR": "Marius Akerbæk (Ludicrumedia AS)",
  "TRANSLATOR_MEME": "Image depicting Norwegian Håkon Wium-Lie, regarded as the inventor of CSS. The text on the picture translates to \"We invented CSS!\"",
  "TRANSLATOR_URL": "https://ludicrumedia.com",
  "UPDATE_FOUND": "Oppdatering funnet!",
  "VERSION": "Versjon",
  "VIEW": "Vis",
  "WELCOME_MESSAGE": "Velkommen til Scout-App!",
  "WINDOW_SETTING": "Vindu"
}
