{
  "ABOUT": "Sobre",
  "ABOUT_CONTRIBUTORS": "Contribuíram para o <a href='http://github.com/scout-app/scout-app' class='external-link'>Scout-App</a>:",
  "ABOUT_DEPENDENCIES": "O <strong>Scout-App</strong> usa as bibliotecas <a class='external-link' href='https://github.com/sass/node-sass'>node-sass</a> <span class='nodeSassVersion'></span> e <a class='external-link' href='https://github.com/paulmillr/chokidar'>chokidar</a> <span class='chokidarVersion'></span>.",
  "ABOUT_DESCRIPTION": "O <strong>Scout-App</strong> permite que você processe seus arquivos <code>.sass</code> e <code>.scss</code> para CSS sem precisar de nenhum conhecimento de linha de comando.",
  "ABOUT_SCOUTAPP": "Sobre o Scout-App",
  "ABOUT_VISIT_UPDATE": "Visite o site do Scout-App para verificar se há atualizações",
  "ADD_A_PROJECT": "Adicionar um Projeto",
  "ADD_GROUP_OF_PROJECTS": "Adicionar Grupo de Projetos",
  "ADD_PROJECT": "Adicionar Projeto",
  "ALERT_TITLE": "<strong>{{time}}</strong> Erro (0x0{{code}}) - Linha: <strong>{{bugLine}}</strong> Coluna: <strong>{{col}}</strong>",
  "APPLICATION_TITLE": "Scout-App: A interface visual para Sass.",
  "ATOMIC_LABEL": "Atraso de Atomic Saves",
  "ATOMIC_NOTE": "Se o Scout-App não processar arquivos ao salvar, ajuste o atraso de identificação de <i>atomic save</i> e reinicie seu projeto.",
  "AUTOMATIC_UPDATES": "Verificar atualizações no lançamento",
  "BROWSE": "Procurar",
  "CANCEL": "Cancelar",
  "CAT_SCREAMING_NO": "Um gato com as patas dianteiras estendidas, como se estivesse gritando: \"NÃO FAÇA ISSO!\"",
  "CHECK_FOR_UPDATES": "Procurar por atualizações",
  "CONFIRM_DELETE": "Você tem certeza disso?",
  "DELETE": "Remover",
  "DELETE_PROJECT": "Remover Projeto",
  "DEVELOPMENT": "Desenvolvimento",
  "DEV_TOOLS": "Ferramentas de Desenvolvimento",
  "DOWNLOAD_UPDATE": "Baixe a última versão do Scout-App.",
  "ENVIRONMENT": "Ambiente",
  "EXIT": "Sair",
  "FILE": "Arquivo",
  "FILES": "Arquivos",
  "FOUND_SOME_PROJECTS": "{{0}} projetos encontrados",
  "FTUX_DRAG_DROP": "<h3>Clique e arraste aqui</h3> <h4>para importar projetos</h4>",
  "HIDE": "Ocultar",
  "IMPORT_ADD_GROUP": "Adicionar grupo de projetos",
  "IMPORT_ADD_PROJECT": "Adicionar outro projeto",
  "IMPORT_DRAG_DROP": "Arrastar e soltar",
  "IMPORT_HEADER": "{{0}} projetos selecionados",
  "IMPORT_INPUT": "Entrada (Sass)",
  "IMPORT_OUTPUT": "Saída (CSS)",
  "IMPORT_PROJECTS": "Importar Projetos",
  "IMPORT_PROJECT_NAME": "Nome do Projeto",
  "INPUT_FOLDER": "Pasta de entrada:",
  "LANGUAGE_CHOICE": "Idioma:",
  "LANG_AR": "Árabe (العربية)",
  "LANG_BG": "Búlgaro (Български)",
  "LANG_DA": "Dinamarquês (Dansk)",
  "LANG_DE": "Alemão (Deutsch)",
  "LANG_EN": "Inglês (English)",
  "LANG_ES": "Espanhol (Español)",
  "LANG_ES-AR": "Espanhol da Argentina (Español Argentina)",
  "LANG_FA": "Persa (فارسی)",
  "LANG_FI": "Finlandês (Suomen)",
  "LANG_FR": "Francês (Français)",
  "LANG_HE": "Hebraico (עִברִית)",
  "LANG_HU": "Húngaro (Magyar)",
  "LANG_ID": "Indonésio (Indonesia)",
  "LANG_IT": "Italiano (Italiano)",
  "LANG_JA": "Japonês (日本語)",
  "LANG_MR": "Marata (मराठी)",
  "LANG_NL": "Holandês (Nederlands)",
  "LANG_NO": "Norueguês (Norsk)",
  "LANG_PL": "Polonês (Polski)",
  "LANG_PT-BR": "Português do Brasil",
  "LANG_RK": "Caipirês Redneck (Real America)",
  "LANG_RO": "Língua Romena (Română)",
  "LANG_RU": "Russo (Русский)",
  "LANG_SQ": "Albanês (Shqip)",
  "LANG_SV": "Suéco (Svenska)",
  "LANG_TR": "Turco (Türkçe)",
  "LANG_UK": "Ucraniano (Українська)",
  "LANG_VI": "Vietnamita (Tiếng Việt)",
  "LANG_ZH-CHT": "Chinês Tradicional (中文)",
  "LANG_ZH-CN": "Chinês Simplificado (简体中文)",
  "LATEST_VERSION": "Você já tem a versão mais recente do Scout-App.",
  "LINEFEED": "Quebras de Linhas",
  "LINEFEED_CRLF": "CRLF",
  "LINEFEED_LF": "LF (padrão)",
  "LISTING_OF_PROJECTS": "Lista de projetos",
  "MESSAGES_DESKTOP": "Na área de trabalho",
  "MESSAGES_IN_APP": "No Scout-App",
  "MESSAGES_SOUND": "Reproduzir sons",
  "MESSAGES_TITLE_ERROR": "Mensagens de Erro",
  "MESSAGES_TITLE_SUCCESS": "Mensagens de Sucesso",
  "MILLISECONDS_SHORT": "ms",
  "MISSING_DATA": "Não há pasta de entrada ou saída.",
  "MULTIPROJECT_IMPORT": "Importar múltiplos projetos",
  "MULTI_IMPORT_BUTTON": "Importar {{0}} Projetos",
  "NEW_PROJECT": "Novo Projeto",
  "NOTIFICATIONS_CHOICE": "Notificações",
  "NO_SASS_FILES": "A pasta de entrada deste projeto não contém arquivos Sass que possam ser processados.",
  "OUTPUT_COMPACT": "Compacto",
  "OUTPUT_COMPRESSED": "Comprimido",
  "OUTPUT_EXPANDED": "Expandido",
  "OUTPUT_FOLDER": "Pasta de saída:",
  "OUTPUT_NESTED": "Aninhado",
  "OUTPUT_STYLE": "Escolha um estilo de saída",
  "OUTPUT_WARNING": "A pasta de saída deve obedecer as seguintes regras: ser diferente da pasta de entrada e não ser uma subpasta desta.",
  "PREFERENCES": "Preferências",
  "PROCESSED_IN_DURATION": "Processado em {{duration}}",
  "PRODUCTION": "Produção",
  "PROJECT_CONTROLS": "Controles do Projeto",
  "PROJECT_ICON": "Ícone do projeto",
  "SCOUTAPP_LOGO": "Logo do Scout-App",
  "SECONDS": "segundos",
  "SELECT_DESELECT_ALL": "Marcar/Desmarcar Tudo",
  "SELECT_GROUP_FOLDER": "Selecione a pasta do grupo de projetos",
  "SELECT_PROJECT_FOLDER": "Selecione a pasta do projeto",
  "SEND_TO_TRAY_ON_CLOSE": "Enviar à bandeja ao fechar",
  "SERVER_DOWN": "O servidor de atualização não responde. Tente mais tarde.",
  "SHOW": "Mostrar",
  "START_MINIMIZED": "Iniciar minimizado",
  "STATUS": "Status",
  "STATUS_OF_ALL_PROJECTS": "Status de todos os projetos",
  "STYLESHEET_CHOICE": "Tema visual:",
  "STYLESHEET_DIRECTORIES": "Pastas das folhas de estilo",
  "TOGGLE_NAVIGATION": "Alternar navegação",
  "TRANSLATED_BY": "Traduzido por:",
  "TRANSLATOR": "Thiago Mallet, Pablo Zuniga, Claudemir Casa, Paulo Santana, Victor Lucas, Dennis Siqueira",
  "TRANSLATOR_MEME": "Cataratas do Iguaçu",
  "TRANSLATOR_URL": "http://www.thiagomallet.net, https://github.com/pablozuniga, http://lyonmarks.com, https://twitter.com/_paulosant, https://github.com/victoorlucas, https://github.com/Dennissiq",
  "UPDATE_FOUND": "Atualização encontrada!",
  "VERSION": "Versão",
  "VIEW": "Exibir",
  "WELCOME_MESSAGE": "Bem-vindo(a) ao Scout-App!",
  "WINDOW_SETTING": "Janela"
}
