{
  "ABOUT": "O программе",
  "ABOUT_CONTRIBUTORS": "Вклад в <a href='http://github.com/scout-app/scout-app' class='external-link'>Scout-App</a>:",
  "ABOUT_DEPENDENCIES": "<strong>Scout-App</strong> использует <a class='external-link' href='https://github.com/sass/node-sass'>node-sass</a> <span class='nodeSassVersion'></span> и <a class='external-link' href='https://github.com/paulmillr/chokidar'>chokidar</a> <span class='chokidarVersion'></span>.",
  "ABOUT_DESCRIPTION": "<strong>Scout-App</strong> позволяет обрабатывать <code>.sass</code> и <code>.scss</code> файлы в CSS без использования командной строки.",
  "ABOUT_SCOUTAPP": "O Scout-App",
  "ABOUT_VISIT_UPDATE": "Посетите сайт Scout-App для проверки наличия обновлений:",
  "ADD_A_PROJECT": "Добавить проект",
  "ADD_GROUP_OF_PROJECTS": "Добавить группу проектов",
  "ADD_PROJECT": "Добавить проект",
  "ALERT_TITLE": "<Strong>{{time}}</strong> Ошибка (0x0 {{code}}) - Линия: <strong>{{bugLine}}</strong> Колонка: <strong>{{col}}</strong>",
  "APPLICATION_TITLE": "Scout-App: GUI для Sass",
  "ATOMIC_LABEL": "Atomic сохраняет задержку",
  "ATOMIC_NOTE": "Если Scout-App не обрабатывает файлы при сохранении, настройте этот параметр и перезапустите проект.",
  "AUTOMATIC_UPDATES": "Проверка обновлений при запуске",
  "BROWSE": "Просмотр",
  "CANCEL": "Отмена",
  "CAT_SCREAMING_NO": "Кот, который кричит 'НЕТ'",
  "CHECK_FOR_UPDATES": "Проверка обновлений",
  "CONFIRM_DELETE": "Вы уверены, что хотите удалить этот проект?",
  "DELETE": "Удалить",
  "DELETE_PROJECT": "Удалить проект",
  "DEVELOPMENT": "Разработка",
  "DEV_TOOLS": "Инструменты разработчика",
  "DOWNLOAD_UPDATE": "Загрузить последнюю версию Scout-App.",
  "ENVIRONMENT": "Среда",
  "EXIT": "Выход",
  "FILE": "Файл",
  "FILES": "Файлы",
  "FOUND_SOME_PROJECTS": "Найдено {{0}} проектов",
  "FTUX_DRAG_DROP": "<h3>Перетащить</h3> <h4>в любое место, чтобы импортировать проекты</h4>",
  "HIDE": "Свернуть",
  "IMPORT_ADD_GROUP": "Добавить группу проектов",
  "IMPORT_ADD_PROJECT": "Добавить еще один проект",
  "IMPORT_DRAG_DROP": "Перетащить",
  "IMPORT_HEADER": "{{0}} Выбранные проекты",
  "IMPORT_INPUT": "Ввод (Sass)",
  "IMPORT_OUTPUT": "Вывод (CSS)",
  "IMPORT_PROJECTS": "Импортировать проекты",
  "IMPORT_PROJECT_NAME": "Название проекта",
  "INPUT_FOLDER": "Папка для ввода",
  "LANGUAGE_CHOICE": "Выбор языка:",
  "LANG_AR": "Арабский (عربى)",
  "LANG_BG": "Болгарский (Български)",
  "LANG_DA": "Датский (Dansk)",
  "LANG_DE": "Немецкий (Deutsch)",
  "LANG_EN": "Aнглийский (English)",
  "LANG_ES": "Испанский (Español)",
  "LANG_ES-AR": "Аргентинский Испанский (Español Argentina)",
  "LANG_FA": "Персидский (فارسی)",
  "LANG_FI": "Финский (Suomen)",
  "LANG_FR": "Французский (Français)",
  "LANG_HE": "Иврит (עִברִית)",
  "LANG_HU": "Венгерский (Magyar)",
  "LANG_ID": "Индонезийский (Indonesia)",
  "LANG_IT": "Итальянский (Italiano)",
  "LANG_JA": "Японский (日本語)",
  "LANG_MR": "Маратхи (मराठी)",
  "LANG_NL": "Голландский (Nederlands)",
  "LANG_NO": "Норвежский (Norsk)",
  "LANG_PL": "Польский (Polski)",
  "LANG_PT-BR": "Бразильский португальский (Português do Brasil)",
  "LANG_RK": "Деревенский Американский (Redneck)",
  "LANG_RO": "Румынский (Română)",
  "LANG_RU": "Русский",
  "LANG_SQ": "Албанский (Shqip)",
  "LANG_SV": "Шведский (Svenska)",
  "LANG_TR": "Турецкий (Türkçe)",
  "LANG_UK": "Украинский (Українська)",
  "LANG_VI": "Вьетнамский (Tiếng Việt)",
  "LANG_ZH-CHT": "Китайский традиционный (中文)",
  "LANG_ZH-CN": "Китайский упрощенный (简体中文)",
  "LATEST_VERSION": "У вас установлена последняя версия Scout-App.",
  "LINEFEED": "Конец строки",
  "LINEFEED_CRLF": "CRLF",
  "LINEFEED_LF": "LF (по умолчанию)",
  "LISTING_OF_PROJECTS": "Список проектов",
  "MESSAGES_DESKTOP": "Уведомления на рабочий стол",
  "MESSAGES_IN_APP": "В приложении",
  "MESSAGES_SOUND": "Воспроизведение аудио",
  "MESSAGES_TITLE_ERROR": "Сообщения об ошибках",
  "MESSAGES_TITLE_SUCCESS": "Успешно",
  "MILLISECONDS_SHORT": "ms",
  "MISSING_DATA": "Папка для ввода или вывода отсутствует",
  "MULTIPROJECT_IMPORT": "Импорт нескольких проектов",
  "MULTI_IMPORT_BUTTON": "Импорт {{0}} проектов",
  "NEW_PROJECT": "Новый проект",
  "NOTIFICATIONS_CHOICE": "Уведомления",
  "NO_SASS_FILES": "Папка для ввода данного проекта не содержит файлов Sass, которые могут быть обработаны.",
  "OUTPUT_COMPACT": "Компактный",
  "OUTPUT_COMPRESSED": "Сжатый",
  "OUTPUT_EXPANDED": "Расширенный",
  "OUTPUT_FOLDER": "Папка для вывода",
  "OUTPUT_NESTED": "Вложенный",
  "OUTPUT_STYLE": "Стиль вывода",
  "OUTPUT_WARNING": "Папка для вывода не может совпадать с папкой для ввода или быть вложенной в неё.",
  "PREFERENCES": "Предпочтения",
  "PROCESSED_IN_DURATION": "Переработанные в {{duration}}",
  "PRODUCTION": "Производство",
  "PROJECT_CONTROLS": "Регуляторы проекта",
  "PROJECT_ICON": "Иконка проекта",
  "SCOUTAPP_LOGO": "Логотип Scout-App",
  "SECONDS": "секунд",
  "SELECT_DESELECT_ALL": "Выбрать/Отменить все",
  "SELECT_GROUP_FOLDER": "Выберите папку группы",
  "SELECT_PROJECT_FOLDER": "Выберите папку проекта",
  "SEND_TO_TRAY_ON_CLOSE": "Отправить в системный лоток при закрытии",
  "SERVER_DOWN": "Невозможно получить доступ к серверу обновлений. Повторите попытку позже.",
  "SHOW": "Показать",
  "START_MINIMIZED": "Начать свертывание",
  "STATUS": "Статус",
  "STATUS_OF_ALL_PROJECTS": "Статус всех проектов",
  "STYLESHEET_CHOICE": "Темы оформления:",
  "STYLESHEET_DIRECTORIES": "Каталог стилей",
  "TOGGLE_NAVIGATION": "Переключить навигацию",
  "TRANSLATED_BY": "Переведено:",
  "TRANSLATOR": "Daniel Golant, Alex Sidorchenko, Kirill Kotov",
  "TRANSLATOR_MEME": "Винни-Пух, с текстом 'А зачем Sass существует в этом мире? Для того что бы я им пользовался, по моему так'",
  "TRANSLATOR_URL": "https://github.com/BlackBetty, https://github.com/Alex-Sidorchenko, https://github.com/logerse",
  "UPDATE_FOUND": "Обновление найдено!",
  "VERSION": "Версия",
  "VIEW": "Посмотреть",
  "WELCOME_MESSAGE": "Добро пожаловать в Scout-App!",
  "WINDOW_SETTING": "Окно"
}
