{
  "ABOUT": "Om",
  "ABOUT_CONTRIBUTORS": "Bidragsgivare till  <a href='http://github.com/scout-app/scout-app' class='external-link'>Scout-App</a>:",
  "ABOUT_DEPENDENCIES": "<strong>Scout-App</strong> använder <a class='external-link' href='https://github.com/sass/node-sass'>node-sass</a> <span class='nodeSassVersion'></span> och <a class='external-link' href='https://github.com/paulmillr/chokidar'>chokidar</a> <span class='chokidarVersion'></span>.",
  "ABOUT_DESCRIPTION": "<strong>Scout-App</strong> låter dig bearbeta dina <code>.sass</code> och <code>.scss</code> -filer till CSS utan att du behöver någon kunskap om komando-tolken.",
  "ABOUT_SCOUTAPP": "Om Scout-App",
  "ABOUT_VISIT_UPDATE": "Besök Scout-App hemsidan för uppdateringar",
  "ADD_A_PROJECT": "Lägg till ett projekt",
  "ADD_GROUP_OF_PROJECTS": "Lägg till en grupp med projekt",
  "ADD_PROJECT": "Lägg till projekt",
  "ALERT_TITLE": "<strong>{{time}}</strong> Error (0x0{{code}}) - Rad: <strong>{{bugLine}}</strong> Kol: <strong>{{col}}</strong>",
  "APPLICATION_TITLE": "Scout-App: Sass GUI",
  "ATOMIC_LABEL": "Atomic sparar fördröjning",
  "ATOMIC_NOTE": "Om Scout-App inte bearbetar dina filer när du sparat, justera denna inställning och starta om ditt projekt",
  "AUTOMATIC_UPDATES": "Leta efter uppdateringar vid start",
  "BROWSE": "Bläddra",
  "CANCEL": "Avbryt",
  "CAT_SCREAMING_NO": "Katten skriker 'NEJ!'",
  "CHECK_FOR_UPDATES": "Leta efter uppdateringar",
  "CONFIRM_DELETE": "Är du säker?",
  "DELETE": "Radera",
  "DELETE_PROJECT": "Radera projekt",
  "DEVELOPMENT": "Utveckling",
  "DEV_TOOLS": "Utvecklingsverktyg",
  "DOWNLOAD_UPDATE": "Ladda ned den senaste versionen av Scout-App.",
  "ENVIRONMENT": "Miljö",
  "EXIT": "Avsluta",
  "FILE": "Arkiv",
  "FILES": "Filer",
  "FOUND_SOME_PROJECTS": "hittade {{0}} projekt",
  "FTUX_DRAG_DROP": "<h3>Dra och släpp</h3> <h4>var som helst för import av projekt</h4>",
  "HIDE": "Göm",
  "IMPORT_ADD_GROUP": "Lägg till en Grupp av projekt",
  "IMPORT_ADD_PROJECT": "Lägg till ett till projekt",
  "IMPORT_DRAG_DROP": "Dra och släpp",
  "IMPORT_HEADER": "{{0}} Valda projekt",
  "IMPORT_INPUT": "Inmatning (Sass)",
  "IMPORT_OUTPUT": "Utmatning (CSS)",
  "IMPORT_PROJECTS": "Importera projekt",
  "IMPORT_PROJECT_NAME": "Projektnamn",
  "INPUT_FOLDER": "Inmatningsmapp:",
  "LANGUAGE_CHOICE": "Språk:",
  "LANG_AR": "Arabiska (عربى)",
  "LANG_BG": "Bulgariska (български)",
  "LANG_DA": "Danska (Dansk)",
  "LANG_DE": "Tyska (Deutsch)",
  "LANG_EN": "Engelska (English)",
  "LANG_ES": "Spanska (Español)",
  "LANG_ES-AR": "Spanska Argentina (Español Argentina)",
  "LANG_FA": "Persiska (فارسی)",
  "LANG_FI": "Finska (Suomen)",
  "LANG_FR": "Franska (Français)",
  "LANG_HE": "Hebreiska (עִברִית)",
  "LANG_HU": "Ungerska (Magyar)",
  "LANG_ID": "Indonesiska (Indonesia)",
  "LANG_IT": "Italienska (Italiano)",
  "LANG_JA": "Japanska (日本語)",
  "LANG_MR": "Marathi (मराठी)",
  "LANG_NL": "Holländska (Nederlands)",
  "LANG_NO": "Norska (Norsk)",
  "LANG_PL": "Polska (Polski)",
  "LANG_PT-BR": "Brasiliansk Portogisiska (Português do Brasil)",
  "LANG_RK": "Redneck (Real America)",
  "LANG_RO": "Rumänska (Română)",
  "LANG_RU": "Ryska (Русский)",
  "LANG_SQ": "Albanska (Shqip)",
  "LANG_SV": "Svenska",
  "LANG_TR": "Turkiska (Türkçe)",
  "LANG_UK": "Ukrainska (Українська)",
  "LANG_VI": "Vietnamesiska (Tiếng Việt)",
  "LANG_ZH-CHT": "Kinesiska traditionell (中文)",
  "LANG_ZH-CN": "Kinesiska förenklad (简体中文)",
  "LATEST_VERSION": "Du har den senaste versionen av Scout-App.",
  "LINEFEED": "Radslut:",
  "LINEFEED_CRLF": "CRLF",
  "LINEFEED_LF": "LF (standard)",
  "LISTING_OF_PROJECTS": "Lista över projekt",
  "MESSAGES_DESKTOP": "Skrivbordsnotifiering",
  "MESSAGES_IN_APP": "I appen",
  "MESSAGES_SOUND": "Spela ljud",
  "MESSAGES_TITLE_ERROR": "Felmeddelanden",
  "MESSAGES_TITLE_SUCCESS": "Meddelanden för lyckad bearbetning",
  "MILLISECONDS_SHORT": "ms",
  "MISSING_DATA": "Inmatning- och utmatningsmappar saknas.",
  "MULTIPROJECT_IMPORT": "Multi-projekt importering",
  "MULTI_IMPORT_BUTTON": "Importera {{0}} Projekt",
  "NEW_PROJECT": "Nytt projekt",
  "NOTIFICATIONS_CHOICE": "Notifieringar",
  "NO_SASS_FILES": "Detta projekts inmatningsmapp innehåller inga Sass-filer som kan bearbetas.",
  "OUTPUT_COMPACT": "Kompakt",
  "OUTPUT_COMPRESSED": "Komprimerad",
  "OUTPUT_EXPANDED": "Expanderad",
  "OUTPUT_FOLDER": "Utmatningsmapp",
  "OUTPUT_NESTED": "Kapslade",
  "OUTPUT_STYLE": "Utmatningsformat",
  "OUTPUT_WARNING": "Utmatningsmappen kan inte vara samma mapp eller undermapp till inmatningsmappen.",
  "PREFERENCES": "Preferenser",
  "PROCESSED_IN_DURATION": "Bearbetades på {{duration}}",
  "PRODUCTION": "Produktion",
  "PROJECT_CONTROLS": "Projekt kontroller",
  "PROJECT_ICON": "Projekt-ikon",
  "SCOUTAPP_LOGO": "Scout-App Logga",
  "SECONDS": "sekunder",
  "SELECT_DESELECT_ALL": "Markera/Avmarkera alla",
  "SELECT_GROUP_FOLDER": "välj gruppmappen",
  "SELECT_PROJECT_FOLDER": "välj en projektmapp",
  "SEND_TO_TRAY_ON_CLOSE": "Skicka till aktivitetsfältet vid nedstängning",
  "SERVER_DOWN": "Kan inte nå uppdaterings-server. Försök igen senare.",
  "SHOW": "Visa",
  "START_MINIMIZED": "Starta minimerat",
  "STATUS": "Status",
  "STATUS_OF_ALL_PROJECTS": "Status för alla projekt",
  "STYLESHEET_CHOICE": "Tema:",
  "STYLESHEET_DIRECTORIES": "Stylesheet-mappar",
  "TOGGLE_NAVIGATION": "Visa/göm navigering",
  "TRANSLATED_BY": "Översatt av:",
  "TRANSLATOR": "Jimmie Carlsson, William Söderhäll",
  "TRANSLATOR_MEME": "Hank Hill, från King of the Hill säger \"jag bearbetar Sass, och Sass Mixins\".",
  "TRANSLATOR_URL": "https://github.com/ibookjim, https://www.facebook.com/trocadero42",
  "UPDATE_FOUND": "Uppdatering har hittats!",
  "VERSION": "Version",
  "VIEW": "Visa",
  "WELCOME_MESSAGE": "Välkommen till Scout-App",
  "WINDOW_SETTING": "Fönster"
}
