{
  "ABOUT": "Hakkında",
  "ABOUT_CONTRIBUTORS": "Katkıda bulunanlar <a href='http://github.com/scout-app/scout-app' class='external-link'>Scout-App</a>:",
  "ABOUT_DEPENDENCIES": "<strong>Scout-App</strong> <a class='external-link' href='https://github.com/sass/node-sass'>node-sass</a> <span class='nodeSassVersion'></span> ve <a class='external-link' href='https://github.com/paulmillr/chokidar'>chokidar</a> <span class='chokidarVersion'></span> kullanır.",
  "ABOUT_DESCRIPTION": "<strong>Scout-App</strong> <code>.sass</code> ve <code>.scss</code> dosyalarınızı hiç komut satırı bilmeden CSS'e çevirmenizi sağlar.",
  "ABOUT_SCOUTAPP": "Scout-App hakkında",
  "ABOUT_VISIT_UPDATE": "Scout-App websitesini ziyaret ederek güncellemeleri kontrol edin:",
  "ADD_A_PROJECT": "Proje Ekle",
  "ADD_GROUP_OF_PROJECTS": "Proje Grubu Ekle",
  "ADD_PROJECT": "Proje Ekle",
  "ALERT_TITLE": "<strong>{{time}}</strong> Hata (0x0{{code}}) - Satır: <strong>{{bugLine}}</strong> Sütun: <strong>{{col}}</strong>",
  "APPLICATION_TITLE": "Scout-App: The Sass GUI",
  "ATOMIC_LABEL": "Sürekli Atomik Kaydetme",
  "ATOMIC_NOTE": "Scout-App kaydettikten sonra dosyaları işlemezse, bu ayarı değiştirin ve projenizi yeniden başlatın.",
  "AUTOMATIC_UPDATES": "Açılışta güncellemeleri kontrol et",
  "BROWSE": "Gözat",
  "CANCEL": "İptal",
  "CAT_SCREAMING_NO": "Kedi çığlık atıyor 'HAYIR!'",
  "CHECK_FOR_UPDATES": "Güncellemeleri kontrol et",
  "CONFIRM_DELETE": "Emin misin?",
  "DELETE": "Sil",
  "DELETE_PROJECT": "Projeyi Sil",
  "DEVELOPMENT": "Geliştirme",
  "DEV_TOOLS": "Geliştirici Araçları",
  "DOWNLOAD_UPDATE": "Scout-App'in son sürümünü indirin.",
  "ENVIRONMENT": "Ortam",
  "EXIT": "Kapat",
  "FILE": "Dosya",
  "FILES": "Dosyalar",
  "FOUND_SOME_PROJECTS": "{{0}} adet proje bulundu",
  "FTUX_DRAG_DROP": "<h3>Sürükle ve Bırak</h3><h4>Çalışmanızıher yerden içeri aktar</h4>",
  "HIDE": "Gizle",
  "IMPORT_ADD_GROUP": "Yeni Çalışma grubu ekle",
  "IMPORT_ADD_PROJECT": "Yeni Çalışma ekle",
  "IMPORT_DRAG_DROP": "Sürükle & Bırak",
  "IMPORT_HEADER": "{{0}} Çalışma Seçildi",
  "IMPORT_INPUT": "İçeri Aktar (Sass)",
  "IMPORT_OUTPUT": "Dışarı Aktar(Sass)",
  "IMPORT_PROJECTS": "Çalışma'yı içeri aktar",
  "IMPORT_PROJECT_NAME": "Proje Adı",
  "INPUT_FOLDER": "Giriş Dizini:",
  "LANGUAGE_CHOICE": "Dil:",
  "LANG_AR": "Arapça (عربى)",
  "LANG_BG": "Bulgarca (български)",
  "LANG_DA": "Danca (Dansk)",
  "LANG_DE": "Almanca (Deutsch)",
  "LANG_EN": "İngilizce (English)",
  "LANG_ES": "İspanyolca (Español)",
  "LANG_ES-AR": "İspanyolca Arjantin (Español Argentina)",
  "LANG_FA": "Farsça (فارسی)",
  "LANG_FI": "Fince (Suomen)",
  "LANG_FR": "Fransızca (Français)",
  "LANG_HE": "İbranice (עִברִית)",
  "LANG_HU": "Macarca (Magyar)",
  "LANG_ID": "Endonezya (Indonesia)",
  "LANG_IT": "İtalyanca (Italiano)",
  "LANG_JA": "Japonca (日本語)",
  "LANG_MR": "Marathi (मराठी)",
  "LANG_NL": "Hollandaca (Nederlands)",
  "LANG_NO": "Norveççe (Norsk)",
  "LANG_PL": "Lehçe (Polski)",
  "LANG_PT-BR": "Brazilya Protokizcesi (Português do Brasil)",
  "LANG_RK": "Redneck (Real America)",
  "LANG_RO": "Romanya (Română)",
  "LANG_RU": "Rusça (русский)",
  "LANG_SQ": "Arnavutça (Shqip)",
  "LANG_SV": "İsveççe (Svenska)",
  "LANG_TR": "Türkçe",
  "LANG_UK": "Ukraynaca (Українська)",
  "LANG_VI": "Viatnamca (Tiếng Việt)",
  "LANG_ZH-CHT": "Geleneksel Çince (中文)",
  "LANG_ZH-CN": "Basitleştirilmiş Çince (简体中文)",
  "LATEST_VERSION": "Scout-App son versiyonunu kullanıyorsunuz.",
  "LINEFEED": "Satır Sonu İşaretlemesi",
  "LINEFEED_CRLF": "Satır Sonu İşaretlemesi CRLF",
  "LINEFEED_LF": "Satır Sonu İşaretlemesi LF (Varsayılan)",
  "LISTING_OF_PROJECTS": "Çalışmaların listesi",
  "MESSAGES_DESKTOP": "Masaüstü Bildirimi",
  "MESSAGES_IN_APP": "Uygulama Bildirimi",
  "MESSAGES_SOUND": "Ses çal",
  "MESSAGES_TITLE_ERROR": "Hata Mesajı",
  "MESSAGES_TITLE_SUCCESS": "Başarı Mesajı",
  "MILLISECONDS_SHORT": "ms",
  "MISSING_DATA": "Giriş veya çıkış klasörü eksik.",
  "MULTIPROJECT_IMPORT": "Çoklu Çalışma içe aktar",
  "MULTI_IMPORT_BUTTON": "{{0}} Çalışma'yı içe aktar",
  "NEW_PROJECT": "Yeni Çalışma",
  "NOTIFICATIONS_CHOICE": "Bildirimler",
  "NO_SASS_FILES": "Bu projenin klasöründe işlem yapılacak Sass dosyası yok.",
  "OUTPUT_COMPACT": "Sıkıştırma Seviyesi",
  "OUTPUT_COMPRESSED": "Sıkıştırılmış",
  "OUTPUT_EXPANDED": "Genişletilmiş",
  "OUTPUT_FOLDER": "Çalışma Klasörü",
  "OUTPUT_NESTED": "İç içe",
  "OUTPUT_STYLE": "Kaydetme Şekili",
  "OUTPUT_WARNING": "Çıktı, girişle eşleşemez yada girişin bir alt klasörü olamaz.",
  "PREFERENCES": "Tercihler",
  "PROCESSED_IN_DURATION": "Tamamlandı {{duration}}",
  "PRODUCTION": "Üretim",
  "PROJECT_CONTROLS": "Çalışma Kontrolleri",
  "PROJECT_ICON": "Çalışma İkonu",
  "SCOUTAPP_LOGO": "Scout-App Logosu",
  "SECONDS": "saniye",
  "SELECT_DESELECT_ALL": "Tümünü seç/Seçimi İptal Et",
  "SELECT_GROUP_FOLDER": "Grup klasörünü seç",
  "SELECT_PROJECT_FOLDER": "Bir proje klasörü seç",
  "SEND_TO_TRAY_ON_CLOSE": "Gönder ve kapat",
  "SERVER_DOWN": "Güncelleme sunucusuna erişilemiyor. Daha sonra tekrar dene.",
  "SHOW": "Göster",
  "START_MINIMIZED": "Küçültmeye başla",
  "STATUS": "Durum",
  "STATUS_OF_ALL_PROJECTS": "Tüm Çalışmaların Durumu",
  "STYLESHEET_CHOICE": "Tema:",
  "STYLESHEET_DIRECTORIES": "Stil Dizinleri",
  "TOGGLE_NAVIGATION": "Navigasyon geçişi",
  "TRANSLATED_BY": "Çeviren:",
  "TRANSLATOR": "",
  "TRANSLATOR_MEME": "",
  "TRANSLATOR_URL": "",
  "UPDATE_FOUND": "Güncelleme bulundu!",
  "VERSION": "Sürüm",
  "VIEW": "Görünüm",
  "WELCOME_MESSAGE": "Scout-App'a goş geldiniz!",
  "WINDOW_SETTING": "Pencere Tercihleri"
}
